SPL,1,1,Regional Model,1
SPL,1,1,Regional Model,2
SPL,1,1,Regional Model,3
SPL,1,1,Regional Model,4
SPL,1,1,Regional Model,5
SPL,1,1,Regional Model,6
SPL,1,1,Regional Model,7
SPL,1,1,Regional Model,8
SPL,1,1,Regional Model,9
SPL,1,1,Regional Model,10
SPL,1,1,Regional Model,11
SPL,1,1,Regional Model,12
SPL,1,1,SBID Cohort Model,1
SPL,1,1,SBID Cohort Model,2
SPL,1,1,SBID Cohort Model,3
SPL,1,1,SBID Cohort Model,4
SPL,1,1,SBID Cohort Model,5
SPL,1,1,SBID Cohort Model,6
SPL,1,1,SBID Cohort Model,7
SPL,1,1,SBID Cohort Model,8
SPL,1,1,SBID Cohort Model,9
SPL,1,1,SBID Cohort Model,10
SPL,1,1,SBID Cohort Model,11
SPL,1,1,SBID Cohort Model,12
SPL,1,1,SBID TTC YOY Model,1
SPL,1,1,SBID TTC YOY Model,2
SPL,1,1,SBID TTC YOY Model,3
SPL,1,1,SBID TTC YOY Model,4
SPL,1,1,SBID TTC YOY Model,5
SPL,1,1,SBID TTC YOY Model,6
SPL,1,1,SBID TTC YOY Model,7
SPL,1,1,SBID TTC YOY Model,8
SPL,1,1,SBID TTC YOY Model,9
SPL,1,1,SBID TTC YOY Model,10
SPL,1,1,SBID TTC YOY Model,11
SPL,1,1,SBID TTC YOY Model,12
SPL,1,2,Regional Model,1
SPL,1,2,Regional Model,2
SPL,1,2,Regional Model,3
SPL,1,2,Regional Model,4
SPL,1,2,Regional Model,5
SPL,1,2,Regional Model,6
SPL,1,2,Regional Model,7
SPL,1,2,Regional Model,8
SPL,1,2,Regional Model,9
SPL,1,2,Regional Model,10
SPL,1,2,Regional Model,11
SPL,1,2,Regional Model,12
SPL,1,2,SBID Cohort Model,1
SPL,1,2,SBID Cohort Model,2
SPL,1,2,SBID Cohort Model,3
SPL,1,2,SBID Cohort Model,4
SPL,1,2,SBID Cohort Model,5
SPL,1,2,SBID Cohort Model,6
SPL,1,2,SBID Cohort Model,7
SPL,1,2,SBID Cohort Model,8
SPL,1,2,SBID Cohort Model,9
SPL,1,2,SBID Cohort Model,10
SPL,1,2,SBID Cohort Model,11
SPL,1,2,SBID Cohort Model,12
SPL,1,2,SBID TTC YOY Model,1
SPL,1,2,SBID TTC YOY Model,2
SPL,1,2,SBID TTC YOY Model,3
SPL,1,2,SBID TTC YOY Model,4
SPL,1,2,SBID TTC YOY Model,5
SPL,1,2,SBID TTC YOY Model,6
SPL,1,2,SBID TTC YOY Model,7
SPL,1,2,SBID TTC YOY Model,8
SPL,1,2,SBID TTC YOY Model,9
SPL,1,2,SBID TTC YOY Model,10
SPL,1,2,SBID TTC YOY Model,11
SPL,1,2,SBID TTC YOY Model,12
SPL,1,3,Regional Model,1
SPL,1,3,Regional Model,2
SPL,1,3,Regional Model,3
SPL,1,3,Regional Model,4
SPL,1,3,Regional Model,5
SPL,1,3,Regional Model,6
SPL,1,3,Regional Model,7
SPL,1,3,Regional Model,8
SPL,1,3,Regional Model,9
SPL,1,3,Regional Model,10
SPL,1,3,Regional Model,11
SPL,1,3,Regional Model,12
SPL,1,3,SBID Cohort Model,1
SPL,1,3,SBID Cohort Model,2
SPL,1,3,SBID Cohort Model,3
SPL,1,3,SBID Cohort Model,4
SPL,1,3,SBID Cohort Model,5
SPL,1,3,SBID Cohort Model,6
SPL,1,3,SBID Cohort Model,7
SPL,1,3,SBID Cohort Model,8
SPL,1,3,SBID Cohort Model,9
SPL,1,3,SBID Cohort Model,10
SPL,1,3,SBID Cohort Model,11
SPL,1,3,SBID Cohort Model,12
SPL,1,3,SBID TTC YOY Model,1
SPL,1,3,SBID TTC YOY Model,2
SPL,1,3,SBID TTC YOY Model,3
SPL,1,3,SBID TTC YOY Model,4
SPL,1,3,SBID TTC YOY Model,5
SPL,1,3,SBID TTC YOY Model,6
SPL,1,3,SBID TTC YOY Model,7
SPL,1,3,SBID TTC YOY Model,8
SPL,1,3,SBID TTC YOY Model,9
SPL,1,3,SBID TTC YOY Model,10
SPL,1,3,SBID TTC YOY Model,11
SPL,1,3,SBID TTC YOY Model,12
SPL,1,4,Regional Model,1
SPL,1,4,Regional Model,2
SPL,1,4,Regional Model,3
SPL,1,4,Regional Model,4
SPL,1,4,Regional Model,5
SPL,1,4,Regional Model,6
SPL,1,4,Regional Model,7
SPL,1,4,Regional Model,8
SPL,1,4,Regional Model,9
SPL,1,4,Regional Model,10
SPL,1,4,Regional Model,11
SPL,1,4,Regional Model,12
SPL,1,4,SBID Cohort Model,1
SPL,1,4,SBID Cohort Model,2
SPL,1,4,SBID Cohort Model,3
SPL,1,4,SBID Cohort Model,4
SPL,1,4,SBID Cohort Model,5
SPL,1,4,SBID Cohort Model,6
SPL,1,4,SBID Cohort Model,7
SPL,1,4,SBID Cohort Model,8
SPL,1,4,SBID Cohort Model,9
SPL,1,4,SBID Cohort Model,10
SPL,1,4,SBID Cohort Model,11
SPL,1,4,SBID Cohort Model,12
SPL,1,4,SBID TTC YOY Model,1
SPL,1,4,SBID TTC YOY Model,2
SPL,1,4,SBID TTC YOY Model,3
SPL,1,4,SBID TTC YOY Model,4
SPL,1,4,SBID TTC YOY Model,5
SPL,1,4,SBID TTC YOY Model,6
SPL,1,4,SBID TTC YOY Model,7
SPL,1,4,SBID TTC YOY Model,8
SPL,1,4,SBID TTC YOY Model,9
SPL,1,4,SBID TTC YOY Model,10
SPL,1,4,SBID TTC YOY Model,11
SPL,1,4,SBID TTC YOY Model,12
SPL,1,5,Regional Model,1
SPL,1,5,Regional Model,2
SPL,1,5,Regional Model,3
SPL,1,5,Regional Model,4
SPL,1,5,Regional Model,5
SPL,1,5,Regional Model,6
SPL,1,5,Regional Model,7
SPL,1,5,Regional Model,8
SPL,1,5,Regional Model,9
SPL,1,5,Regional Model,10
SPL,1,5,Regional Model,11
SPL,1,5,Regional Model,12
SPL,1,5,SBID Cohort Model,1
SPL,1,5,SBID Cohort Model,2
SPL,1,5,SBID Cohort Model,3
SPL,1,5,SBID Cohort Model,4
SPL,1,5,SBID Cohort Model,5
SPL,1,5,SBID Cohort Model,6
SPL,1,5,SBID Cohort Model,7
SPL,1,5,SBID Cohort Model,8
SPL,1,5,SBID Cohort Model,9
SPL,1,5,SBID Cohort Model,10
SPL,1,5,SBID Cohort Model,11
SPL,1,5,SBID Cohort Model,12
SPL,1,5,SBID TTC YOY Model,1
SPL,1,5,SBID TTC YOY Model,2
SPL,1,5,SBID TTC YOY Model,3
SPL,1,5,SBID TTC YOY Model,4
SPL,1,5,SBID TTC YOY Model,5
SPL,1,5,SBID TTC YOY Model,6
SPL,1,5,SBID TTC YOY Model,7
SPL,1,5,SBID TTC YOY Model,8
SPL,1,5,SBID TTC YOY Model,9
SPL,1,5,SBID TTC YOY Model,10
SPL,1,5,SBID TTC YOY Model,11
SPL,1,5,SBID TTC YOY Model,12
SPL,3,1,Regional Model,1
SPL,3,1,Regional Model,2
SPL,3,1,Regional Model,3
SPL,3,1,Regional Model,4
SPL,3,1,Regional Model,5
SPL,3,1,Regional Model,6
SPL,3,1,Regional Model,7
SPL,3,1,Regional Model,8
SPL,3,1,Regional Model,9
SPL,3,1,Regional Model,10
SPL,3,1,Regional Model,11
SPL,3,1,Regional Model,12
SPL,3,1,SBID Cohort Model,1
SPL,3,1,SBID Cohort Model,2
SPL,3,1,SBID Cohort Model,3
SPL,3,1,SBID Cohort Model,4
SPL,3,1,SBID Cohort Model,5
SPL,3,1,SBID Cohort Model,6
SPL,3,1,SBID Cohort Model,7
SPL,3,1,SBID Cohort Model,8
SPL,3,1,SBID Cohort Model,9
SPL,3,1,SBID Cohort Model,10
SPL,3,1,SBID Cohort Model,11
SPL,3,1,SBID Cohort Model,12
SPL,3,1,SBID TTC YOY Model,1
SPL,3,1,SBID TTC YOY Model,2
SPL,3,1,SBID TTC YOY Model,3
SPL,3,1,SBID TTC YOY Model,4
SPL,3,1,SBID TTC YOY Model,5
SPL,3,1,SBID TTC YOY Model,6
SPL,3,1,SBID TTC YOY Model,7
SPL,3,1,SBID TTC YOY Model,8
SPL,3,1,SBID TTC YOY Model,9
SPL,3,1,SBID TTC YOY Model,10
SPL,3,1,SBID TTC YOY Model,11
SPL,3,1,SBID TTC YOY Model,12
SPL,3,2,Regional Model,1
SPL,3,2,Regional Model,2
SPL,3,2,Regional Model,3
SPL,3,2,Regional Model,4
SPL,3,2,Regional Model,5
SPL,3,2,Regional Model,6
SPL,3,2,Regional Model,7
SPL,3,2,Regional Model,8
SPL,3,2,Regional Model,9
SPL,3,2,Regional Model,10
SPL,3,2,Regional Model,11
SPL,3,2,Regional Model,12
SPL,3,2,SBID Cohort Model,1
SPL,3,2,SBID Cohort Model,2
SPL,3,2,SBID Cohort Model,3
SPL,3,2,SBID Cohort Model,4
SPL,3,2,SBID Cohort Model,5
SPL,3,2,SBID Cohort Model,6
SPL,3,2,SBID Cohort Model,7
SPL,3,2,SBID Cohort Model,8
SPL,3,2,SBID Cohort Model,9
SPL,3,2,SBID Cohort Model,10
SPL,3,2,SBID Cohort Model,11
SPL,3,2,SBID Cohort Model,12
SPL,3,2,SBID TTC YOY Model,1
SPL,3,2,SBID TTC YOY Model,2
SPL,3,2,SBID TTC YOY Model,3
SPL,3,2,SBID TTC YOY Model,4
SPL,3,2,SBID TTC YOY Model,5
SPL,3,2,SBID TTC YOY Model,6
SPL,3,2,SBID TTC YOY Model,7
SPL,3,2,SBID TTC YOY Model,8
SPL,3,2,SBID TTC YOY Model,9
SPL,3,2,SBID TTC YOY Model,10
SPL,3,2,SBID TTC YOY Model,11
SPL,3,2,SBID TTC YOY Model,12
SPL,3,3,Regional Model,1
SPL,3,3,Regional Model,2
SPL,3,3,Regional Model,3
SPL,3,3,Regional Model,4
SPL,3,3,Regional Model,5
SPL,3,3,Regional Model,6
SPL,3,3,Regional Model,7
SPL,3,3,Regional Model,8
SPL,3,3,Regional Model,9
SPL,3,3,Regional Model,10
SPL,3,3,Regional Model,11
SPL,3,3,Regional Model,12
SPL,3,3,SBID Cohort Model,1
SPL,3,3,SBID Cohort Model,2
SPL,3,3,SBID Cohort Model,3
SPL,3,3,SBID Cohort Model,4
SPL,3,3,SBID Cohort Model,5
SPL,3,3,SBID Cohort Model,6
SPL,3,3,SBID Cohort Model,7
SPL,3,3,SBID Cohort Model,8
SPL,3,3,SBID Cohort Model,9
SPL,3,3,SBID Cohort Model,10
SPL,3,3,SBID Cohort Model,11
SPL,3,3,SBID Cohort Model,12
SPL,3,3,SBID TTC YOY Model,1
SPL,3,3,SBID TTC YOY Model,2
SPL,3,3,SBID TTC YOY Model,3
SPL,3,3,SBID TTC YOY Model,4
SPL,3,3,SBID TTC YOY Model,5
SPL,3,3,SBID TTC YOY Model,6
SPL,3,3,SBID TTC YOY Model,7
SPL,3,3,SBID TTC YOY Model,8
SPL,3,3,SBID TTC YOY Model,9
SPL,3,3,SBID TTC YOY Model,10
SPL,3,3,SBID TTC YOY Model,11
SPL,3,3,SBID TTC YOY Model,12
SPL,3,4,Regional Model,1
SPL,3,4,Regional Model,2
SPL,3,4,Regional Model,3
SPL,3,4,Regional Model,4
SPL,3,4,Regional Model,5
SPL,3,4,Regional Model,6
SPL,3,4,Regional Model,7
SPL,3,4,Regional Model,8
SPL,3,4,Regional Model,9
SPL,3,4,Regional Model,10
SPL,3,4,Regional Model,11
SPL,3,4,Regional Model,12
SPL,3,4,SBID Cohort Model,1
SPL,3,4,SBID Cohort Model,2
SPL,3,4,SBID Cohort Model,3
SPL,3,4,SBID Cohort Model,4
SPL,3,4,SBID Cohort Model,5
SPL,3,4,SBID Cohort Model,6
SPL,3,4,SBID Cohort Model,7
SPL,3,4,SBID Cohort Model,8
SPL,3,4,SBID Cohort Model,9
SPL,3,4,SBID Cohort Model,10
SPL,3,4,SBID Cohort Model,11
SPL,3,4,SBID Cohort Model,12
SPL,3,4,SBID TTC YOY Model,1
SPL,3,4,SBID TTC YOY Model,2
SPL,3,4,SBID TTC YOY Model,3
SPL,3,4,SBID TTC YOY Model,4
SPL,3,4,SBID TTC YOY Model,5
SPL,3,4,SBID TTC YOY Model,6
SPL,3,4,SBID TTC YOY Model,7
SPL,3,4,SBID TTC YOY Model,8
SPL,3,4,SBID TTC YOY Model,9
SPL,3,4,SBID TTC YOY Model,10
SPL,3,4,SBID TTC YOY Model,11
SPL,3,4,SBID TTC YOY Model,12
SPL,3,5,Regional Model,1
SPL,3,5,Regional Model,2
SPL,3,5,Regional Model,3
SPL,3,5,Regional Model,4
SPL,3,5,Regional Model,5
SPL,3,5,Regional Model,6
SPL,3,5,Regional Model,7
SPL,3,5,Regional Model,8
SPL,3,5,Regional Model,9
SPL,3,5,Regional Model,10
SPL,3,5,Regional Model,11
SPL,3,5,Regional Model,12
SPL,3,5,SBID Cohort Model,1
SPL,3,5,SBID Cohort Model,2
SPL,3,5,SBID Cohort Model,3
SPL,3,5,SBID Cohort Model,4
SPL,3,5,SBID Cohort Model,5
SPL,3,5,SBID Cohort Model,6
SPL,3,5,SBID Cohort Model,7
SPL,3,5,SBID Cohort Model,8
SPL,3,5,SBID Cohort Model,9
SPL,3,5,SBID Cohort Model,10
SPL,3,5,SBID Cohort Model,11
SPL,3,5,SBID Cohort Model,12
SPL,3,5,SBID TTC YOY Model,1
SPL,3,5,SBID TTC YOY Model,2
SPL,3,5,SBID TTC YOY Model,3
SPL,3,5,SBID TTC YOY Model,4
SPL,3,5,SBID TTC YOY Model,5
SPL,3,5,SBID TTC YOY Model,6
SPL,3,5,SBID TTC YOY Model,7
SPL,3,5,SBID TTC YOY Model,8
SPL,3,5,SBID TTC YOY Model,9
SPL,3,5,SBID TTC YOY Model,10
SPL,3,5,SBID TTC YOY Model,11
SPL,3,5,SBID TTC YOY Model,12
SPL,6,1,Regional Model,1
SPL,6,1,Regional Model,2
SPL,6,1,Regional Model,3
SPL,6,1,Regional Model,4
SPL,6,1,Regional Model,5
SPL,6,1,Regional Model,6
SPL,6,1,Regional Model,7
SPL,6,1,Regional Model,8
SPL,6,1,Regional Model,9
SPL,6,1,Regional Model,10
SPL,6,1,Regional Model,11
SPL,6,1,Regional Model,12
SPL,6,1,SBID Cohort Model,1
SPL,6,1,SBID Cohort Model,2
SPL,6,1,SBID Cohort Model,3
SPL,6,1,SBID Cohort Model,4
SPL,6,1,SBID Cohort Model,5
SPL,6,1,SBID Cohort Model,6
SPL,6,1,SBID Cohort Model,7
SPL,6,1,SBID Cohort Model,8
SPL,6,1,SBID Cohort Model,9
SPL,6,1,SBID Cohort Model,10
SPL,6,1,SBID Cohort Model,11
SPL,6,1,SBID Cohort Model,12
SPL,6,1,SBID TTC YOY Model,1
SPL,6,1,SBID TTC YOY Model,2
SPL,6,1,SBID TTC YOY Model,3
SPL,6,1,SBID TTC YOY Model,4
SPL,6,1,SBID TTC YOY Model,5
SPL,6,1,SBID TTC YOY Model,6
SPL,6,1,SBID TTC YOY Model,7
SPL,6,1,SBID TTC YOY Model,8
SPL,6,1,SBID TTC YOY Model,9
SPL,6,1,SBID TTC YOY Model,10
SPL,6,1,SBID TTC YOY Model,11
SPL,6,1,SBID TTC YOY Model,12
SPL,6,2,Regional Model,1
SPL,6,2,Regional Model,2
SPL,6,2,Regional Model,3
SPL,6,2,Regional Model,4
SPL,6,2,Regional Model,5
SPL,6,2,Regional Model,6
SPL,6,2,Regional Model,7
SPL,6,2,Regional Model,8
SPL,6,2,Regional Model,9
SPL,6,2,Regional Model,10
SPL,6,2,Regional Model,11
SPL,6,2,Regional Model,12
SPL,6,2,SBID Cohort Model,1
SPL,6,2,SBID Cohort Model,2
SPL,6,2,SBID Cohort Model,3
SPL,6,2,SBID Cohort Model,4
SPL,6,2,SBID Cohort Model,5
SPL,6,2,SBID Cohort Model,6
SPL,6,2,SBID Cohort Model,7
SPL,6,2,SBID Cohort Model,8
SPL,6,2,SBID Cohort Model,9
SPL,6,2,SBID Cohort Model,10
SPL,6,2,SBID Cohort Model,11
SPL,6,2,SBID Cohort Model,12
SPL,6,2,SBID TTC YOY Model,1
SPL,6,2,SBID TTC YOY Model,2
SPL,6,2,SBID TTC YOY Model,3
SPL,6,2,SBID TTC YOY Model,4
SPL,6,2,SBID TTC YOY Model,5
SPL,6,2,SBID TTC YOY Model,6
SPL,6,2,SBID TTC YOY Model,7
SPL,6,2,SBID TTC YOY Model,8
SPL,6,2,SBID TTC YOY Model,9
SPL,6,2,SBID TTC YOY Model,10
SPL,6,2,SBID TTC YOY Model,11
SPL,6,2,SBID TTC YOY Model,12
SPL,6,3,Regional Model,1
SPL,6,3,Regional Model,2
SPL,6,3,Regional Model,3
SPL,6,3,Regional Model,4
SPL,6,3,Regional Model,5
SPL,6,3,Regional Model,6
SPL,6,3,Regional Model,7
SPL,6,3,Regional Model,8
SPL,6,3,Regional Model,9
SPL,6,3,Regional Model,10
SPL,6,3,Regional Model,11
SPL,6,3,Regional Model,12
SPL,6,3,SBID Cohort Model,1
SPL,6,3,SBID Cohort Model,2
SPL,6,3,SBID Cohort Model,3
SPL,6,3,SBID Cohort Model,4
SPL,6,3,SBID Cohort Model,5
SPL,6,3,SBID Cohort Model,6
SPL,6,3,SBID Cohort Model,7
SPL,6,3,SBID Cohort Model,8
SPL,6,3,SBID Cohort Model,9
SPL,6,3,SBID Cohort Model,10
SPL,6,3,SBID Cohort Model,11
SPL,6,3,SBID Cohort Model,12
SPL,6,3,SBID TTC YOY Model,1
SPL,6,3,SBID TTC YOY Model,2
SPL,6,3,SBID TTC YOY Model,3
SPL,6,3,SBID TTC YOY Model,4
SPL,6,3,SBID TTC YOY Model,5
SPL,6,3,SBID TTC YOY Model,6
SPL,6,3,SBID TTC YOY Model,7
SPL,6,3,SBID TTC YOY Model,8
SPL,6,3,SBID TTC YOY Model,9
SPL,6,3,SBID TTC YOY Model,10
SPL,6,3,SBID TTC YOY Model,11
SPL,6,3,SBID TTC YOY Model,12
SPL,6,4,Regional Model,1
SPL,6,4,Regional Model,2
SPL,6,4,Regional Model,3
SPL,6,4,Regional Model,4
SPL,6,4,Regional Model,5
SPL,6,4,Regional Model,6
SPL,6,4,Regional Model,7
SPL,6,4,Regional Model,8
SPL,6,4,Regional Model,9
SPL,6,4,Regional Model,10
SPL,6,4,Regional Model,11
SPL,6,4,Regional Model,12
SPL,6,4,SBID Cohort Model,1
SPL,6,4,SBID Cohort Model,2
SPL,6,4,SBID Cohort Model,3
SPL,6,4,SBID Cohort Model,4
SPL,6,4,SBID Cohort Model,5
SPL,6,4,SBID Cohort Model,6
SPL,6,4,SBID Cohort Model,7
SPL,6,4,SBID Cohort Model,8
SPL,6,4,SBID Cohort Model,9
SPL,6,4,SBID Cohort Model,10
SPL,6,4,SBID Cohort Model,11
SPL,6,4,SBID Cohort Model,12
SPL,6,4,SBID TTC YOY Model,1
SPL,6,4,SBID TTC YOY Model,2
SPL,6,4,SBID TTC YOY Model,3
SPL,6,4,SBID TTC YOY Model,4
SPL,6,4,SBID TTC YOY Model,5
SPL,6,4,SBID TTC YOY Model,6
SPL,6,4,SBID TTC YOY Model,7
SPL,6,4,SBID TTC YOY Model,8
SPL,6,4,SBID TTC YOY Model,9
SPL,6,4,SBID TTC YOY Model,10
SPL,6,4,SBID TTC YOY Model,11
SPL,6,4,SBID TTC YOY Model,12
SPL,6,5,Regional Model,1
SPL,6,5,Regional Model,2
SPL,6,5,Regional Model,3
SPL,6,5,Regional Model,4
SPL,6,5,Regional Model,5
SPL,6,5,Regional Model,6
SPL,6,5,Regional Model,7
SPL,6,5,Regional Model,8
SPL,6,5,Regional Model,9
SPL,6,5,Regional Model,10
SPL,6,5,Regional Model,11
SPL,6,5,Regional Model,12
SPL,6,5,SBID Cohort Model,1
SPL,6,5,SBID Cohort Model,2
SPL,6,5,SBID Cohort Model,3
SPL,6,5,SBID Cohort Model,4
SPL,6,5,SBID Cohort Model,5
SPL,6,5,SBID Cohort Model,6
SPL,6,5,SBID Cohort Model,7
SPL,6,5,SBID Cohort Model,8
SPL,6,5,SBID Cohort Model,9
SPL,6,5,SBID Cohort Model,10
SPL,6,5,SBID Cohort Model,11
SPL,6,5,SBID Cohort Model,12
SPL,6,5,SBID TTC YOY Model,1
SPL,6,5,SBID TTC YOY Model,2
SPL,6,5,SBID TTC YOY Model,3
SPL,6,5,SBID TTC YOY Model,4
SPL,6,5,SBID TTC YOY Model,5
SPL,6,5,SBID TTC YOY Model,6
SPL,6,5,SBID TTC YOY Model,7
SPL,6,5,SBID TTC YOY Model,8
SPL,6,5,SBID TTC YOY Model,9
SPL,6,5,SBID TTC YOY Model,10
SPL,6,5,SBID TTC YOY Model,11
SPL,6,5,SBID TTC YOY Model,12
SPL,12,1,Regional Model,1
SPL,12,1,Regional Model,2
SPL,12,1,Regional Model,3
SPL,12,1,Regional Model,4
SPL,12,1,Regional Model,5
SPL,12,1,Regional Model,6
SPL,12,1,Regional Model,7
SPL,12,1,Regional Model,8
SPL,12,1,Regional Model,9
SPL,12,1,Regional Model,10
SPL,12,1,Regional Model,11
SPL,12,1,Regional Model,12
SPL,12,1,SBID Cohort Model,1
SPL,12,1,SBID Cohort Model,2
SPL,12,1,SBID Cohort Model,3
SPL,12,1,SBID Cohort Model,4
SPL,12,1,SBID Cohort Model,5
SPL,12,1,SBID Cohort Model,6
SPL,12,1,SBID Cohort Model,7
SPL,12,1,SBID Cohort Model,8
SPL,12,1,SBID Cohort Model,9
SPL,12,1,SBID Cohort Model,10
SPL,12,1,SBID Cohort Model,11
SPL,12,1,SBID Cohort Model,12
SPL,12,1,SBID TTC YOY Model,1
SPL,12,1,SBID TTC YOY Model,2
SPL,12,1,SBID TTC YOY Model,3
SPL,12,1,SBID TTC YOY Model,4
SPL,12,1,SBID TTC YOY Model,5
SPL,12,1,SBID TTC YOY Model,6
SPL,12,1,SBID TTC YOY Model,7
SPL,12,1,SBID TTC YOY Model,8
SPL,12,1,SBID TTC YOY Model,9
SPL,12,1,SBID TTC YOY Model,10
SPL,12,1,SBID TTC YOY Model,11
SPL,12,1,SBID TTC YOY Model,12
SPL,12,2,Regional Model,1
SPL,12,2,Regional Model,2
SPL,12,2,Regional Model,3
SPL,12,2,Regional Model,4
SPL,12,2,Regional Model,5
SPL,12,2,Regional Model,6
SPL,12,2,Regional Model,7
SPL,12,2,Regional Model,8
SPL,12,2,Regional Model,9
SPL,12,2,Regional Model,10
SPL,12,2,Regional Model,11
SPL,12,2,Regional Model,12
SPL,12,2,SBID Cohort Model,1
SPL,12,2,SBID Cohort Model,2
SPL,12,2,SBID Cohort Model,3
SPL,12,2,SBID Cohort Model,4
SPL,12,2,SBID Cohort Model,5
SPL,12,2,SBID Cohort Model,6
SPL,12,2,SBID Cohort Model,7
SPL,12,2,SBID Cohort Model,8
SPL,12,2,SBID Cohort Model,9
SPL,12,2,SBID Cohort Model,10
SPL,12,2,SBID Cohort Model,11
SPL,12,2,SBID Cohort Model,12
SPL,12,2,SBID TTC YOY Model,1
SPL,12,2,SBID TTC YOY Model,2
SPL,12,2,SBID TTC YOY Model,3
SPL,12,2,SBID TTC YOY Model,4
SPL,12,2,SBID TTC YOY Model,5
SPL,12,2,SBID TTC YOY Model,6
SPL,12,2,SBID TTC YOY Model,7
SPL,12,2,SBID TTC YOY Model,8
SPL,12,2,SBID TTC YOY Model,9
SPL,12,2,SBID TTC YOY Model,10
SPL,12,2,SBID TTC YOY Model,11
SPL,12,2,SBID TTC YOY Model,12
SPL,12,3,Regional Model,1
SPL,12,3,Regional Model,2
SPL,12,3,Regional Model,3
SPL,12,3,Regional Model,4
SPL,12,3,Regional Model,5
SPL,12,3,Regional Model,6
SPL,12,3,Regional Model,7
SPL,12,3,Regional Model,8
SPL,12,3,Regional Model,9
SPL,12,3,Regional Model,10
SPL,12,3,Regional Model,11
SPL,12,3,Regional Model,12
SPL,12,3,SBID Cohort Model,1
SPL,12,3,SBID Cohort Model,2
SPL,12,3,SBID Cohort Model,3
SPL,12,3,SBID Cohort Model,4
SPL,12,3,SBID Cohort Model,5
SPL,12,3,SBID Cohort Model,6
SPL,12,3,SBID Cohort Model,7
SPL,12,3,SBID Cohort Model,8
SPL,12,3,SBID Cohort Model,9
SPL,12,3,SBID Cohort Model,10
SPL,12,3,SBID Cohort Model,11
SPL,12,3,SBID Cohort Model,12
SPL,12,3,SBID TTC YOY Model,1
SPL,12,3,SBID TTC YOY Model,2
SPL,12,3,SBID TTC YOY Model,3
SPL,12,3,SBID TTC YOY Model,4
SPL,12,3,SBID TTC YOY Model,5
SPL,12,3,SBID TTC YOY Model,6
SPL,12,3,SBID TTC YOY Model,7
SPL,12,3,SBID TTC YOY Model,8
SPL,12,3,SBID TTC YOY Model,9
SPL,12,3,SBID TTC YOY Model,10
SPL,12,3,SBID TTC YOY Model,11
SPL,12,3,SBID TTC YOY Model,12
SPL,12,4,Regional Model,1
SPL,12,4,Regional Model,2
SPL,12,4,Regional Model,3
SPL,12,4,Regional Model,4
SPL,12,4,Regional Model,5
SPL,12,4,Regional Model,6
SPL,12,4,Regional Model,7
SPL,12,4,Regional Model,8
SPL,12,4,Regional Model,9
SPL,12,4,Regional Model,10
SPL,12,4,Regional Model,11
SPL,12,4,Regional Model,12
SPL,12,4,SBID Cohort Model,1
SPL,12,4,SBID Cohort Model,2
SPL,12,4,SBID Cohort Model,3
SPL,12,4,SBID Cohort Model,4
SPL,12,4,SBID Cohort Model,5
SPL,12,4,SBID Cohort Model,6
SPL,12,4,SBID Cohort Model,7
SPL,12,4,SBID Cohort Model,8
SPL,12,4,SBID Cohort Model,9
SPL,12,4,SBID Cohort Model,10
SPL,12,4,SBID Cohort Model,11
SPL,12,4,SBID Cohort Model,12
SPL,12,4,SBID TTC YOY Model,1
SPL,12,4,SBID TTC YOY Model,2
SPL,12,4,SBID TTC YOY Model,3
SPL,12,4,SBID TTC YOY Model,4
SPL,12,4,SBID TTC YOY Model,5
SPL,12,4,SBID TTC YOY Model,6
SPL,12,4,SBID TTC YOY Model,7
SPL,12,4,SBID TTC YOY Model,8
SPL,12,4,SBID TTC YOY Model,9
SPL,12,4,SBID TTC YOY Model,10
SPL,12,4,SBID TTC YOY Model,11
SPL,12,4,SBID TTC YOY Model,12
SPL,12,5,Regional Model,1
SPL,12,5,Regional Model,2
SPL,12,5,Regional Model,3
SPL,12,5,Regional Model,4
SPL,12,5,Regional Model,5
SPL,12,5,Regional Model,6
SPL,12,5,Regional Model,7
SPL,12,5,Regional Model,8
SPL,12,5,Regional Model,9
SPL,12,5,Regional Model,10
SPL,12,5,Regional Model,11
SPL,12,5,Regional Model,12
SPL,12,5,SBID Cohort Model,1
SPL,12,5,SBID Cohort Model,2
SPL,12,5,SBID Cohort Model,3
SPL,12,5,SBID Cohort Model,4
SPL,12,5,SBID Cohort Model,5
SPL,12,5,SBID Cohort Model,6
SPL,12,5,SBID Cohort Model,7
SPL,12,5,SBID Cohort Model,8
SPL,12,5,SBID Cohort Model,9
SPL,12,5,SBID Cohort Model,10
SPL,12,5,SBID Cohort Model,11
SPL,12,5,SBID Cohort Model,12
SPL,12,5,SBID TTC YOY Model,1
SPL,12,5,SBID TTC YOY Model,2
SPL,12,5,SBID TTC YOY Model,3
SPL,12,5,SBID TTC YOY Model,4
SPL,12,5,SBID TTC YOY Model,5
SPL,12,5,SBID TTC YOY Model,6
SPL,12,5,SBID TTC YOY Model,7
SPL,12,5,SBID TTC YOY Model,8
SPL,12,5,SBID TTC YOY Model,9
SPL,12,5,SBID TTC YOY Model,10
SPL,12,5,SBID TTC YOY Model,11
SPL,12,5,SBID TTC YOY Model,12
SPL,18,1,Regional Model,1
SPL,18,1,Regional Model,2
SPL,18,1,Regional Model,3
SPL,18,1,Regional Model,4
SPL,18,1,Regional Model,5
SPL,18,1,Regional Model,6
SPL,18,1,Regional Model,7
SPL,18,1,Regional Model,8
SPL,18,1,Regional Model,9
SPL,18,1,Regional Model,10
SPL,18,1,Regional Model,11
SPL,18,1,Regional Model,12
SPL,18,1,SBID Cohort Model,1
SPL,18,1,SBID Cohort Model,2
SPL,18,1,SBID Cohort Model,3
SPL,18,1,SBID Cohort Model,4
SPL,18,1,SBID Cohort Model,5
SPL,18,1,SBID Cohort Model,6
SPL,18,1,SBID Cohort Model,7
SPL,18,1,SBID Cohort Model,8
SPL,18,1,SBID Cohort Model,9
SPL,18,1,SBID Cohort Model,10
SPL,18,1,SBID Cohort Model,11
SPL,18,1,SBID Cohort Model,12
SPL,18,1,SBID TTC YOY Model,1
SPL,18,1,SBID TTC YOY Model,2
SPL,18,1,SBID TTC YOY Model,3
SPL,18,1,SBID TTC YOY Model,4
SPL,18,1,SBID TTC YOY Model,5
SPL,18,1,SBID TTC YOY Model,6
SPL,18,1,SBID TTC YOY Model,7
SPL,18,1,SBID TTC YOY Model,8
SPL,18,1,SBID TTC YOY Model,9
SPL,18,1,SBID TTC YOY Model,10
SPL,18,1,SBID TTC YOY Model,11
SPL,18,1,SBID TTC YOY Model,12
SPL,18,2,Regional Model,1
SPL,18,2,Regional Model,2
SPL,18,2,Regional Model,3
SPL,18,2,Regional Model,4
SPL,18,2,Regional Model,5
SPL,18,2,Regional Model,6
SPL,18,2,Regional Model,7
SPL,18,2,Regional Model,8
SPL,18,2,Regional Model,9
SPL,18,2,Regional Model,10
SPL,18,2,Regional Model,11
SPL,18,2,Regional Model,12
SPL,18,2,SBID Cohort Model,1
SPL,18,2,SBID Cohort Model,2
SPL,18,2,SBID Cohort Model,3
SPL,18,2,SBID Cohort Model,4
SPL,18,2,SBID Cohort Model,5
SPL,18,2,SBID Cohort Model,6
SPL,18,2,SBID Cohort Model,7
SPL,18,2,SBID Cohort Model,8
SPL,18,2,SBID Cohort Model,9
SPL,18,2,SBID Cohort Model,10
SPL,18,2,SBID Cohort Model,11
SPL,18,2,SBID Cohort Model,12
SPL,18,2,SBID TTC YOY Model,1
SPL,18,2,SBID TTC YOY Model,2
SPL,18,2,SBID TTC YOY Model,3
SPL,18,2,SBID TTC YOY Model,4
SPL,18,2,SBID TTC YOY Model,5
SPL,18,2,SBID TTC YOY Model,6
SPL,18,2,SBID TTC YOY Model,7
SPL,18,2,SBID TTC YOY Model,8
SPL,18,2,SBID TTC YOY Model,9
SPL,18,2,SBID TTC YOY Model,10
SPL,18,2,SBID TTC YOY Model,11
SPL,18,2,SBID TTC YOY Model,12
SPL,18,3,Regional Model,1
SPL,18,3,Regional Model,2
SPL,18,3,Regional Model,3
SPL,18,3,Regional Model,4
SPL,18,3,Regional Model,5
SPL,18,3,Regional Model,6
SPL,18,3,Regional Model,7
SPL,18,3,Regional Model,8
SPL,18,3,Regional Model,9
SPL,18,3,Regional Model,10
SPL,18,3,Regional Model,11
SPL,18,3,Regional Model,12
SPL,18,3,SBID Cohort Model,1
SPL,18,3,SBID Cohort Model,2
SPL,18,3,SBID Cohort Model,3
SPL,18,3,SBID Cohort Model,4
SPL,18,3,SBID Cohort Model,5
SPL,18,3,SBID Cohort Model,6
SPL,18,3,SBID Cohort Model,7
SPL,18,3,SBID Cohort Model,8
SPL,18,3,SBID Cohort Model,9
SPL,18,3,SBID Cohort Model,10
SPL,18,3,SBID Cohort Model,11
SPL,18,3,SBID Cohort Model,12
SPL,18,3,SBID TTC YOY Model,1
SPL,18,3,SBID TTC YOY Model,2
SPL,18,3,SBID TTC YOY Model,3
SPL,18,3,SBID TTC YOY Model,4
SPL,18,3,SBID TTC YOY Model,5
SPL,18,3,SBID TTC YOY Model,6
SPL,18,3,SBID TTC YOY Model,7
SPL,18,3,SBID TTC YOY Model,8
SPL,18,3,SBID TTC YOY Model,9
SPL,18,3,SBID TTC YOY Model,10
SPL,18,3,SBID TTC YOY Model,11
SPL,18,3,SBID TTC YOY Model,12
SPL,18,4,Regional Model,1
SPL,18,4,Regional Model,2
SPL,18,4,Regional Model,3
SPL,18,4,Regional Model,4
SPL,18,4,Regional Model,5
SPL,18,4,Regional Model,6
SPL,18,4,Regional Model,7
SPL,18,4,Regional Model,8
SPL,18,4,Regional Model,9
SPL,18,4,Regional Model,10
SPL,18,4,Regional Model,11
SPL,18,4,Regional Model,12
SPL,18,4,SBID Cohort Model,1
SPL,18,4,SBID Cohort Model,2
SPL,18,4,SBID Cohort Model,3
SPL,18,4,SBID Cohort Model,4
SPL,18,4,SBID Cohort Model,5
SPL,18,4,SBID Cohort Model,6
SPL,18,4,SBID Cohort Model,7
SPL,18,4,SBID Cohort Model,8
SPL,18,4,SBID Cohort Model,9
SPL,18,4,SBID Cohort Model,10
SPL,18,4,SBID Cohort Model,11
SPL,18,4,SBID Cohort Model,12
SPL,18,4,SBID TTC YOY Model,1
SPL,18,4,SBID TTC YOY Model,2
SPL,18,4,SBID TTC YOY Model,3
SPL,18,4,SBID TTC YOY Model,4
SPL,18,4,SBID TTC YOY Model,5
SPL,18,4,SBID TTC YOY Model,6
SPL,18,4,SBID TTC YOY Model,7
SPL,18,4,SBID TTC YOY Model,8
SPL,18,4,SBID TTC YOY Model,9
SPL,18,4,SBID TTC YOY Model,10
SPL,18,4,SBID TTC YOY Model,11
SPL,18,4,SBID TTC YOY Model,12
SPL,18,5,Regional Model,1
SPL,18,5,Regional Model,2
SPL,18,5,Regional Model,3
SPL,18,5,Regional Model,4
SPL,18,5,Regional Model,5
SPL,18,5,Regional Model,6
SPL,18,5,Regional Model,7
SPL,18,5,Regional Model,8
SPL,18,5,Regional Model,9
SPL,18,5,Regional Model,10
SPL,18,5,Regional Model,11
SPL,18,5,Regional Model,12
SPL,18,5,SBID Cohort Model,1
SPL,18,5,SBID Cohort Model,2
SPL,18,5,SBID Cohort Model,3
SPL,18,5,SBID Cohort Model,4
SPL,18,5,SBID Cohort Model,5
SPL,18,5,SBID Cohort Model,6
SPL,18,5,SBID Cohort Model,7
SPL,18,5,SBID Cohort Model,8
SPL,18,5,SBID Cohort Model,9
SPL,18,5,SBID Cohort Model,10
SPL,18,5,SBID Cohort Model,11
SPL,18,5,SBID Cohort Model,12
SPL,18,5,SBID TTC YOY Model,1
SPL,18,5,SBID TTC YOY Model,2
SPL,18,5,SBID TTC YOY Model,3
SPL,18,5,SBID TTC YOY Model,4
SPL,18,5,SBID TTC YOY Model,5
SPL,18,5,SBID TTC YOY Model,6
SPL,18,5,SBID TTC YOY Model,7
SPL,18,5,SBID TTC YOY Model,8
SPL,18,5,SBID TTC YOY Model,9
SPL,18,5,SBID TTC YOY Model,10
SPL,18,5,SBID TTC YOY Model,11
SPL,18,5,SBID TTC YOY Model,12
SPL,24,1,Regional Model,1
SPL,24,1,Regional Model,2
SPL,24,1,Regional Model,3
SPL,24,1,Regional Model,4
SPL,24,1,Regional Model,5
SPL,24,1,Regional Model,6
SPL,24,1,Regional Model,7
SPL,24,1,Regional Model,8
SPL,24,1,Regional Model,9
SPL,24,1,Regional Model,10
SPL,24,1,Regional Model,11
SPL,24,1,Regional Model,12
SPL,24,1,SBID Cohort Model,1
SPL,24,1,SBID Cohort Model,2
SPL,24,1,SBID Cohort Model,3
SPL,24,1,SBID Cohort Model,4
SPL,24,1,SBID Cohort Model,5
SPL,24,1,SBID Cohort Model,6
SPL,24,1,SBID Cohort Model,7
SPL,24,1,SBID Cohort Model,8
SPL,24,1,SBID Cohort Model,9
SPL,24,1,SBID Cohort Model,10
SPL,24,1,SBID Cohort Model,11
SPL,24,1,SBID Cohort Model,12
SPL,24,1,SBID TTC YOY Model,1
SPL,24,1,SBID TTC YOY Model,2
SPL,24,1,SBID TTC YOY Model,3
SPL,24,1,SBID TTC YOY Model,4
SPL,24,1,SBID TTC YOY Model,5
SPL,24,1,SBID TTC YOY Model,6
SPL,24,1,SBID TTC YOY Model,7
SPL,24,1,SBID TTC YOY Model,8
SPL,24,1,SBID TTC YOY Model,9
SPL,24,1,SBID TTC YOY Model,10
SPL,24,1,SBID TTC YOY Model,11
SPL,24,1,SBID TTC YOY Model,12
SPL,24,2,Regional Model,1
SPL,24,2,Regional Model,2
SPL,24,2,Regional Model,3
SPL,24,2,Regional Model,4
SPL,24,2,Regional Model,5
SPL,24,2,Regional Model,6
SPL,24,2,Regional Model,7
SPL,24,2,Regional Model,8
SPL,24,2,Regional Model,9
SPL,24,2,Regional Model,10
SPL,24,2,Regional Model,11
SPL,24,2,Regional Model,12
SPL,24,2,SBID Cohort Model,1
SPL,24,2,SBID Cohort Model,2
SPL,24,2,SBID Cohort Model,3
SPL,24,2,SBID Cohort Model,4
SPL,24,2,SBID Cohort Model,5
SPL,24,2,SBID Cohort Model,6
SPL,24,2,SBID Cohort Model,7
SPL,24,2,SBID Cohort Model,8
SPL,24,2,SBID Cohort Model,9
SPL,24,2,SBID Cohort Model,10
SPL,24,2,SBID Cohort Model,11
SPL,24,2,SBID Cohort Model,12
SPL,24,2,SBID TTC YOY Model,1
SPL,24,2,SBID TTC YOY Model,2
SPL,24,2,SBID TTC YOY Model,3
SPL,24,2,SBID TTC YOY Model,4
SPL,24,2,SBID TTC YOY Model,5
SPL,24,2,SBID TTC YOY Model,6
SPL,24,2,SBID TTC YOY Model,7
SPL,24,2,SBID TTC YOY Model,8
SPL,24,2,SBID TTC YOY Model,9
SPL,24,2,SBID TTC YOY Model,10
SPL,24,2,SBID TTC YOY Model,11
SPL,24,2,SBID TTC YOY Model,12
SPL,24,3,Regional Model,1
SPL,24,3,Regional Model,2
SPL,24,3,Regional Model,3
SPL,24,3,Regional Model,4
SPL,24,3,Regional Model,5
SPL,24,3,Regional Model,6
SPL,24,3,Regional Model,7
SPL,24,3,Regional Model,8
SPL,24,3,Regional Model,9
SPL,24,3,Regional Model,10
SPL,24,3,Regional Model,11
SPL,24,3,Regional Model,12
SPL,24,3,SBID Cohort Model,1
SPL,24,3,SBID Cohort Model,2
SPL,24,3,SBID Cohort Model,3
SPL,24,3,SBID Cohort Model,4
SPL,24,3,SBID Cohort Model,5
SPL,24,3,SBID Cohort Model,6
SPL,24,3,SBID Cohort Model,7
SPL,24,3,SBID Cohort Model,8
SPL,24,3,SBID Cohort Model,9
SPL,24,3,SBID Cohort Model,10
SPL,24,3,SBID Cohort Model,11
SPL,24,3,SBID Cohort Model,12
SPL,24,3,SBID TTC YOY Model,1
SPL,24,3,SBID TTC YOY Model,2
SPL,24,3,SBID TTC YOY Model,3
SPL,24,3,SBID TTC YOY Model,4
SPL,24,3,SBID TTC YOY Model,5
SPL,24,3,SBID TTC YOY Model,6
SPL,24,3,SBID TTC YOY Model,7
SPL,24,3,SBID TTC YOY Model,8
SPL,24,3,SBID TTC YOY Model,9
SPL,24,3,SBID TTC YOY Model,10
SPL,24,3,SBID TTC YOY Model,11
SPL,24,3,SBID TTC YOY Model,12
SPL,24,4,Regional Model,1
SPL,24,4,Regional Model,2
SPL,24,4,Regional Model,3
SPL,24,4,Regional Model,4
SPL,24,4,Regional Model,5
SPL,24,4,Regional Model,6
SPL,24,4,Regional Model,7
SPL,24,4,Regional Model,8
SPL,24,4,Regional Model,9
SPL,24,4,Regional Model,10
SPL,24,4,Regional Model,11
SPL,24,4,Regional Model,12
SPL,24,4,SBID Cohort Model,1
SPL,24,4,SBID Cohort Model,2
SPL,24,4,SBID Cohort Model,3
SPL,24,4,SBID Cohort Model,4
SPL,24,4,SBID Cohort Model,5
SPL,24,4,SBID Cohort Model,6
SPL,24,4,SBID Cohort Model,7
SPL,24,4,SBID Cohort Model,8
SPL,24,4,SBID Cohort Model,9
SPL,24,4,SBID Cohort Model,10
SPL,24,4,SBID Cohort Model,11
SPL,24,4,SBID Cohort Model,12
SPL,24,4,SBID TTC YOY Model,1
SPL,24,4,SBID TTC YOY Model,2
SPL,24,4,SBID TTC YOY Model,3
SPL,24,4,SBID TTC YOY Model,4
SPL,24,4,SBID TTC YOY Model,5
SPL,24,4,SBID TTC YOY Model,6
SPL,24,4,SBID TTC YOY Model,7
SPL,24,4,SBID TTC YOY Model,8
SPL,24,4,SBID TTC YOY Model,9
SPL,24,4,SBID TTC YOY Model,10
SPL,24,4,SBID TTC YOY Model,11
SPL,24,4,SBID TTC YOY Model,12
SPL,24,5,Regional Model,1
SPL,24,5,Regional Model,2
SPL,24,5,Regional Model,3
SPL,24,5,Regional Model,4
SPL,24,5,Regional Model,5
SPL,24,5,Regional Model,6
SPL,24,5,Regional Model,7
SPL,24,5,Regional Model,8
SPL,24,5,Regional Model,9
SPL,24,5,Regional Model,10
SPL,24,5,Regional Model,11
SPL,24,5,Regional Model,12
SPL,24,5,SBID Cohort Model,1
SPL,24,5,SBID Cohort Model,2
SPL,24,5,SBID Cohort Model,3
SPL,24,5,SBID Cohort Model,4
SPL,24,5,SBID Cohort Model,5
SPL,24,5,SBID Cohort Model,6
SPL,24,5,SBID Cohort Model,7
SPL,24,5,SBID Cohort Model,8
SPL,24,5,SBID Cohort Model,9
SPL,24,5,SBID Cohort Model,10
SPL,24,5,SBID Cohort Model,11
SPL,24,5,SBID Cohort Model,12
SPL,24,5,SBID TTC YOY Model,1
SPL,24,5,SBID TTC YOY Model,2
SPL,24,5,SBID TTC YOY Model,3
SPL,24,5,SBID TTC YOY Model,4
SPL,24,5,SBID TTC YOY Model,5
SPL,24,5,SBID TTC YOY Model,6
SPL,24,5,SBID TTC YOY Model,7
SPL,24,5,SBID TTC YOY Model,8
SPL,24,5,SBID TTC YOY Model,9
SPL,24,5,SBID TTC YOY Model,10
SPL,24,5,SBID TTC YOY Model,11
SPL,24,5,SBID TTC YOY Model,12
BCL,3,1,Regional Model,1
BCL,3,1,Regional Model,2
BCL,3,1,Regional Model,3
BCL,3,1,Regional Model,4
BCL,3,1,Regional Model,5
BCL,3,1,Regional Model,6
BCL,3,1,Regional Model,7
BCL,3,1,Regional Model,8
BCL,3,1,Regional Model,9
BCL,3,1,Regional Model,10
BCL,3,1,Regional Model,11
BCL,3,1,Regional Model,12
BCL,3,1,SBID Cohort Model,1
BCL,3,1,SBID Cohort Model,2
BCL,3,1,SBID Cohort Model,3
BCL,3,1,SBID Cohort Model,4
BCL,3,1,SBID Cohort Model,5
BCL,3,1,SBID Cohort Model,6
BCL,3,1,SBID Cohort Model,7
BCL,3,1,SBID Cohort Model,8
BCL,3,1,SBID Cohort Model,9
BCL,3,1,SBID Cohort Model,10
BCL,3,1,SBID Cohort Model,11
BCL,3,1,SBID Cohort Model,12
BCL,3,1,SBID TTC YOY Model,1
BCL,3,1,SBID TTC YOY Model,2
BCL,3,1,SBID TTC YOY Model,3
BCL,3,1,SBID TTC YOY Model,4
BCL,3,1,SBID TTC YOY Model,5
BCL,3,1,SBID TTC YOY Model,6
BCL,3,1,SBID TTC YOY Model,7
BCL,3,1,SBID TTC YOY Model,8
BCL,3,1,SBID TTC YOY Model,9
BCL,3,1,SBID TTC YOY Model,10
BCL,3,1,SBID TTC YOY Model,11
BCL,3,1,SBID TTC YOY Model,12
BCL,3,2,Regional Model,1
BCL,3,2,Regional Model,2
BCL,3,2,Regional Model,3
BCL,3,2,Regional Model,4
BCL,3,2,Regional Model,5
BCL,3,2,Regional Model,6
BCL,3,2,Regional Model,7
BCL,3,2,Regional Model,8
BCL,3,2,Regional Model,9
BCL,3,2,Regional Model,10
BCL,3,2,Regional Model,11
BCL,3,2,Regional Model,12
BCL,3,2,SBID Cohort Model,1
BCL,3,2,SBID Cohort Model,2
BCL,3,2,SBID Cohort Model,3
BCL,3,2,SBID Cohort Model,4
BCL,3,2,SBID Cohort Model,5
BCL,3,2,SBID Cohort Model,6
BCL,3,2,SBID Cohort Model,7
BCL,3,2,SBID Cohort Model,8
BCL,3,2,SBID Cohort Model,9
BCL,3,2,SBID Cohort Model,10
BCL,3,2,SBID Cohort Model,11
BCL,3,2,SBID Cohort Model,12
BCL,3,2,SBID TTC YOY Model,1
BCL,3,2,SBID TTC YOY Model,2
BCL,3,2,SBID TTC YOY Model,3
BCL,3,2,SBID TTC YOY Model,4
BCL,3,2,SBID TTC YOY Model,5
BCL,3,2,SBID TTC YOY Model,6
BCL,3,2,SBID TTC YOY Model,7
BCL,3,2,SBID TTC YOY Model,8
BCL,3,2,SBID TTC YOY Model,9
BCL,3,2,SBID TTC YOY Model,10
BCL,3,2,SBID TTC YOY Model,11
BCL,3,2,SBID TTC YOY Model,12
BCL,3,3,Regional Model,1
BCL,3,3,Regional Model,2
BCL,3,3,Regional Model,3
BCL,3,3,Regional Model,4
BCL,3,3,Regional Model,5
BCL,3,3,Regional Model,6
BCL,3,3,Regional Model,7
BCL,3,3,Regional Model,8
BCL,3,3,Regional Model,9
BCL,3,3,Regional Model,10
BCL,3,3,Regional Model,11
BCL,3,3,Regional Model,12
BCL,3,3,SBID Cohort Model,1
BCL,3,3,SBID Cohort Model,2
BCL,3,3,SBID Cohort Model,3
BCL,3,3,SBID Cohort Model,4
BCL,3,3,SBID Cohort Model,5
BCL,3,3,SBID Cohort Model,6
BCL,3,3,SBID Cohort Model,7
BCL,3,3,SBID Cohort Model,8
BCL,3,3,SBID Cohort Model,9
BCL,3,3,SBID Cohort Model,10
BCL,3,3,SBID Cohort Model,11
BCL,3,3,SBID Cohort Model,12
BCL,3,3,SBID TTC YOY Model,1
BCL,3,3,SBID TTC YOY Model,2
BCL,3,3,SBID TTC YOY Model,3
BCL,3,3,SBID TTC YOY Model,4
BCL,3,3,SBID TTC YOY Model,5
BCL,3,3,SBID TTC YOY Model,6
BCL,3,3,SBID TTC YOY Model,7
BCL,3,3,SBID TTC YOY Model,8
BCL,3,3,SBID TTC YOY Model,9
BCL,3,3,SBID TTC YOY Model,10
BCL,3,3,SBID TTC YOY Model,11
BCL,3,3,SBID TTC YOY Model,12
BCL,3,4,Regional Model,1
BCL,3,4,Regional Model,2
BCL,3,4,Regional Model,3
BCL,3,4,Regional Model,4
BCL,3,4,Regional Model,5
BCL,3,4,Regional Model,6
BCL,3,4,Regional Model,7
BCL,3,4,Regional Model,8
BCL,3,4,Regional Model,9
BCL,3,4,Regional Model,10
BCL,3,4,Regional Model,11
BCL,3,4,Regional Model,12
BCL,3,4,SBID Cohort Model,1
BCL,3,4,SBID Cohort Model,2
BCL,3,4,SBID Cohort Model,3
BCL,3,4,SBID Cohort Model,4
BCL,3,4,SBID Cohort Model,5
BCL,3,4,SBID Cohort Model,6
BCL,3,4,SBID Cohort Model,7
BCL,3,4,SBID Cohort Model,8
BCL,3,4,SBID Cohort Model,9
BCL,3,4,SBID Cohort Model,10
BCL,3,4,SBID Cohort Model,11
BCL,3,4,SBID Cohort Model,12
BCL,3,4,SBID TTC YOY Model,1
BCL,3,4,SBID TTC YOY Model,2
BCL,3,4,SBID TTC YOY Model,3
BCL,3,4,SBID TTC YOY Model,4
BCL,3,4,SBID TTC YOY Model,5
BCL,3,4,SBID TTC YOY Model,6
BCL,3,4,SBID TTC YOY Model,7
BCL,3,4,SBID TTC YOY Model,8
BCL,3,4,SBID TTC YOY Model,9
BCL,3,4,SBID TTC YOY Model,10
BCL,3,4,SBID TTC YOY Model,11
BCL,3,4,SBID TTC YOY Model,12
BCL,3,5,Regional Model,1
BCL,3,5,Regional Model,2
BCL,3,5,Regional Model,3
BCL,3,5,Regional Model,4
BCL,3,5,Regional Model,5
BCL,3,5,Regional Model,6
BCL,3,5,Regional Model,7
BCL,3,5,Regional Model,8
BCL,3,5,Regional Model,9
BCL,3,5,Regional Model,10
BCL,3,5,Regional Model,11
BCL,3,5,Regional Model,12
BCL,3,5,SBID Cohort Model,1
BCL,3,5,SBID Cohort Model,2
BCL,3,5,SBID Cohort Model,3
BCL,3,5,SBID Cohort Model,4
BCL,3,5,SBID Cohort Model,5
BCL,3,5,SBID Cohort Model,6
BCL,3,5,SBID Cohort Model,7
BCL,3,5,SBID Cohort Model,8
BCL,3,5,SBID Cohort Model,9
BCL,3,5,SBID Cohort Model,10
BCL,3,5,SBID Cohort Model,11
BCL,3,5,SBID Cohort Model,12
BCL,3,5,SBID TTC YOY Model,1
BCL,3,5,SBID TTC YOY Model,2
BCL,3,5,SBID TTC YOY Model,3
BCL,3,5,SBID TTC YOY Model,4
BCL,3,5,SBID TTC YOY Model,5
BCL,3,5,SBID TTC YOY Model,6
BCL,3,5,SBID TTC YOY Model,7
BCL,3,5,SBID TTC YOY Model,8
BCL,3,5,SBID TTC YOY Model,9
BCL,3,5,SBID TTC YOY Model,10
BCL,3,5,SBID TTC YOY Model,11
BCL,3,5,SBID TTC YOY Model,12
BCL,6,1,Regional Model,1
BCL,6,1,Regional Model,2
BCL,6,1,Regional Model,3
BCL,6,1,Regional Model,4
BCL,6,1,Regional Model,5
BCL,6,1,Regional Model,6
BCL,6,1,Regional Model,7
BCL,6,1,Regional Model,8
BCL,6,1,Regional Model,9
BCL,6,1,Regional Model,10
BCL,6,1,Regional Model,11
BCL,6,1,Regional Model,12
BCL,6,1,SBID Cohort Model,1
BCL,6,1,SBID Cohort Model,2
BCL,6,1,SBID Cohort Model,3
BCL,6,1,SBID Cohort Model,4
BCL,6,1,SBID Cohort Model,5
BCL,6,1,SBID Cohort Model,6
BCL,6,1,SBID Cohort Model,7
BCL,6,1,SBID Cohort Model,8
BCL,6,1,SBID Cohort Model,9
BCL,6,1,SBID Cohort Model,10
BCL,6,1,SBID Cohort Model,11
BCL,6,1,SBID Cohort Model,12
BCL,6,1,SBID TTC YOY Model,1
BCL,6,1,SBID TTC YOY Model,2
BCL,6,1,SBID TTC YOY Model,3
BCL,6,1,SBID TTC YOY Model,4
BCL,6,1,SBID TTC YOY Model,5
BCL,6,1,SBID TTC YOY Model,6
BCL,6,1,SBID TTC YOY Model,7
BCL,6,1,SBID TTC YOY Model,8
BCL,6,1,SBID TTC YOY Model,9
BCL,6,1,SBID TTC YOY Model,10
BCL,6,1,SBID TTC YOY Model,11
BCL,6,1,SBID TTC YOY Model,12
BCL,6,2,Regional Model,1
BCL,6,2,Regional Model,2
BCL,6,2,Regional Model,3
BCL,6,2,Regional Model,4
BCL,6,2,Regional Model,5
BCL,6,2,Regional Model,6
BCL,6,2,Regional Model,7
BCL,6,2,Regional Model,8
BCL,6,2,Regional Model,9
BCL,6,2,Regional Model,10
BCL,6,2,Regional Model,11
BCL,6,2,Regional Model,12
BCL,6,2,SBID Cohort Model,1
BCL,6,2,SBID Cohort Model,2
BCL,6,2,SBID Cohort Model,3
BCL,6,2,SBID Cohort Model,4
BCL,6,2,SBID Cohort Model,5
BCL,6,2,SBID Cohort Model,6
BCL,6,2,SBID Cohort Model,7
BCL,6,2,SBID Cohort Model,8
BCL,6,2,SBID Cohort Model,9
BCL,6,2,SBID Cohort Model,10
BCL,6,2,SBID Cohort Model,11
BCL,6,2,SBID Cohort Model,12
BCL,6,2,SBID TTC YOY Model,1
BCL,6,2,SBID TTC YOY Model,2
BCL,6,2,SBID TTC YOY Model,3
BCL,6,2,SBID TTC YOY Model,4
BCL,6,2,SBID TTC YOY Model,5
BCL,6,2,SBID TTC YOY Model,6
BCL,6,2,SBID TTC YOY Model,7
BCL,6,2,SBID TTC YOY Model,8
BCL,6,2,SBID TTC YOY Model,9
BCL,6,2,SBID TTC YOY Model,10
BCL,6,2,SBID TTC YOY Model,11
BCL,6,2,SBID TTC YOY Model,12
BCL,6,3,Regional Model,1
BCL,6,3,Regional Model,2
BCL,6,3,Regional Model,3
BCL,6,3,Regional Model,4
BCL,6,3,Regional Model,5
BCL,6,3,Regional Model,6
BCL,6,3,Regional Model,7
BCL,6,3,Regional Model,8
BCL,6,3,Regional Model,9
BCL,6,3,Regional Model,10
BCL,6,3,Regional Model,11
BCL,6,3,Regional Model,12
BCL,6,3,SBID Cohort Model,1
BCL,6,3,SBID Cohort Model,2
BCL,6,3,SBID Cohort Model,3
BCL,6,3,SBID Cohort Model,4
BCL,6,3,SBID Cohort Model,5
BCL,6,3,SBID Cohort Model,6
BCL,6,3,SBID Cohort Model,7
BCL,6,3,SBID Cohort Model,8
BCL,6,3,SBID Cohort Model,9
BCL,6,3,SBID Cohort Model,10
BCL,6,3,SBID Cohort Model,11
BCL,6,3,SBID Cohort Model,12
BCL,6,3,SBID TTC YOY Model,1
BCL,6,3,SBID TTC YOY Model,2
BCL,6,3,SBID TTC YOY Model,3
BCL,6,3,SBID TTC YOY Model,4
BCL,6,3,SBID TTC YOY Model,5
BCL,6,3,SBID TTC YOY Model,6
BCL,6,3,SBID TTC YOY Model,7
BCL,6,3,SBID TTC YOY Model,8
BCL,6,3,SBID TTC YOY Model,9
BCL,6,3,SBID TTC YOY Model,10
BCL,6,3,SBID TTC YOY Model,11
BCL,6,3,SBID TTC YOY Model,12
BCL,6,4,Regional Model,1
BCL,6,4,Regional Model,2
BCL,6,4,Regional Model,3
BCL,6,4,Regional Model,4
BCL,6,4,Regional Model,5
BCL,6,4,Regional Model,6
BCL,6,4,Regional Model,7
BCL,6,4,Regional Model,8
BCL,6,4,Regional Model,9
BCL,6,4,Regional Model,10
BCL,6,4,Regional Model,11
BCL,6,4,Regional Model,12
BCL,6,4,SBID Cohort Model,1
BCL,6,4,SBID Cohort Model,2
BCL,6,4,SBID Cohort Model,3
BCL,6,4,SBID Cohort Model,4
BCL,6,4,SBID Cohort Model,5
BCL,6,4,SBID Cohort Model,6
BCL,6,4,SBID Cohort Model,7
BCL,6,4,SBID Cohort Model,8
BCL,6,4,SBID Cohort Model,9
BCL,6,4,SBID Cohort Model,10
BCL,6,4,SBID Cohort Model,11
BCL,6,4,SBID Cohort Model,12
BCL,6,4,SBID TTC YOY Model,1
BCL,6,4,SBID TTC YOY Model,2
BCL,6,4,SBID TTC YOY Model,3
BCL,6,4,SBID TTC YOY Model,4
BCL,6,4,SBID TTC YOY Model,5
BCL,6,4,SBID TTC YOY Model,6
BCL,6,4,SBID TTC YOY Model,7
BCL,6,4,SBID TTC YOY Model,8
BCL,6,4,SBID TTC YOY Model,9
BCL,6,4,SBID TTC YOY Model,10
BCL,6,4,SBID TTC YOY Model,11
BCL,6,4,SBID TTC YOY Model,12
BCL,6,5,Regional Model,1
BCL,6,5,Regional Model,2
BCL,6,5,Regional Model,3
BCL,6,5,Regional Model,4
BCL,6,5,Regional Model,5
BCL,6,5,Regional Model,6
BCL,6,5,Regional Model,7
BCL,6,5,Regional Model,8
BCL,6,5,Regional Model,9
BCL,6,5,Regional Model,10
BCL,6,5,Regional Model,11
BCL,6,5,Regional Model,12
BCL,6,5,SBID Cohort Model,1
BCL,6,5,SBID Cohort Model,2
BCL,6,5,SBID Cohort Model,3
BCL,6,5,SBID Cohort Model,4
BCL,6,5,SBID Cohort Model,5
BCL,6,5,SBID Cohort Model,6
BCL,6,5,SBID Cohort Model,7
BCL,6,5,SBID Cohort Model,8
BCL,6,5,SBID Cohort Model,9
BCL,6,5,SBID Cohort Model,10
BCL,6,5,SBID Cohort Model,11
BCL,6,5,SBID Cohort Model,12
BCL,6,5,SBID TTC YOY Model,1
BCL,6,5,SBID TTC YOY Model,2
BCL,6,5,SBID TTC YOY Model,3
BCL,6,5,SBID TTC YOY Model,4
BCL,6,5,SBID TTC YOY Model,5
BCL,6,5,SBID TTC YOY Model,6
BCL,6,5,SBID TTC YOY Model,7
BCL,6,5,SBID TTC YOY Model,8
BCL,6,5,SBID TTC YOY Model,9
BCL,6,5,SBID TTC YOY Model,10
BCL,6,5,SBID TTC YOY Model,11
BCL,6,5,SBID TTC YOY Model,12
BCL,12,1,Regional Model,1
BCL,12,1,Regional Model,2
BCL,12,1,Regional Model,3
BCL,12,1,Regional Model,4
BCL,12,1,Regional Model,5
BCL,12,1,Regional Model,6
BCL,12,1,Regional Model,7
BCL,12,1,Regional Model,8
BCL,12,1,Regional Model,9
BCL,12,1,Regional Model,10
BCL,12,1,Regional Model,11
BCL,12,1,Regional Model,12
BCL,12,1,SBID Cohort Model,1
BCL,12,1,SBID Cohort Model,2
BCL,12,1,SBID Cohort Model,3
BCL,12,1,SBID Cohort Model,4
BCL,12,1,SBID Cohort Model,5
BCL,12,1,SBID Cohort Model,6
BCL,12,1,SBID Cohort Model,7
BCL,12,1,SBID Cohort Model,8
BCL,12,1,SBID Cohort Model,9
BCL,12,1,SBID Cohort Model,10
BCL,12,1,SBID Cohort Model,11
BCL,12,1,SBID Cohort Model,12
BCL,12,1,SBID TTC YOY Model,1
BCL,12,1,SBID TTC YOY Model,2
BCL,12,1,SBID TTC YOY Model,3
BCL,12,1,SBID TTC YOY Model,4
BCL,12,1,SBID TTC YOY Model,5
BCL,12,1,SBID TTC YOY Model,6
BCL,12,1,SBID TTC YOY Model,7
BCL,12,1,SBID TTC YOY Model,8
BCL,12,1,SBID TTC YOY Model,9
BCL,12,1,SBID TTC YOY Model,10
BCL,12,1,SBID TTC YOY Model,11
BCL,12,1,SBID TTC YOY Model,12
BCL,12,2,Regional Model,1
BCL,12,2,Regional Model,2
BCL,12,2,Regional Model,3
BCL,12,2,Regional Model,4
BCL,12,2,Regional Model,5
BCL,12,2,Regional Model,6
BCL,12,2,Regional Model,7
BCL,12,2,Regional Model,8
BCL,12,2,Regional Model,9
BCL,12,2,Regional Model,10
BCL,12,2,Regional Model,11
BCL,12,2,Regional Model,12
BCL,12,2,SBID Cohort Model,1
BCL,12,2,SBID Cohort Model,2
BCL,12,2,SBID Cohort Model,3
BCL,12,2,SBID Cohort Model,4
BCL,12,2,SBID Cohort Model,5
BCL,12,2,SBID Cohort Model,6
BCL,12,2,SBID Cohort Model,7
BCL,12,2,SBID Cohort Model,8
BCL,12,2,SBID Cohort Model,9
BCL,12,2,SBID Cohort Model,10
BCL,12,2,SBID Cohort Model,11
BCL,12,2,SBID Cohort Model,12
BCL,12,2,SBID TTC YOY Model,1
BCL,12,2,SBID TTC YOY Model,2
BCL,12,2,SBID TTC YOY Model,3
BCL,12,2,SBID TTC YOY Model,4
BCL,12,2,SBID TTC YOY Model,5
BCL,12,2,SBID TTC YOY Model,6
BCL,12,2,SBID TTC YOY Model,7
BCL,12,2,SBID TTC YOY Model,8
BCL,12,2,SBID TTC YOY Model,9
BCL,12,2,SBID TTC YOY Model,10
BCL,12,2,SBID TTC YOY Model,11
BCL,12,2,SBID TTC YOY Model,12
BCL,12,3,Regional Model,1
BCL,12,3,Regional Model,2
BCL,12,3,Regional Model,3
BCL,12,3,Regional Model,4
BCL,12,3,Regional Model,5
BCL,12,3,Regional Model,6
BCL,12,3,Regional Model,7
BCL,12,3,Regional Model,8
BCL,12,3,Regional Model,9
BCL,12,3,Regional Model,10
BCL,12,3,Regional Model,11
BCL,12,3,Regional Model,12
BCL,12,3,SBID Cohort Model,1
BCL,12,3,SBID Cohort Model,2
BCL,12,3,SBID Cohort Model,3
BCL,12,3,SBID Cohort Model,4
BCL,12,3,SBID Cohort Model,5
BCL,12,3,SBID Cohort Model,6
BCL,12,3,SBID Cohort Model,7
BCL,12,3,SBID Cohort Model,8
BCL,12,3,SBID Cohort Model,9
BCL,12,3,SBID Cohort Model,10
BCL,12,3,SBID Cohort Model,11
BCL,12,3,SBID Cohort Model,12
BCL,12,3,SBID TTC YOY Model,1
BCL,12,3,SBID TTC YOY Model,2
BCL,12,3,SBID TTC YOY Model,3
BCL,12,3,SBID TTC YOY Model,4
BCL,12,3,SBID TTC YOY Model,5
BCL,12,3,SBID TTC YOY Model,6
BCL,12,3,SBID TTC YOY Model,7
BCL,12,3,SBID TTC YOY Model,8
BCL,12,3,SBID TTC YOY Model,9
BCL,12,3,SBID TTC YOY Model,10
BCL,12,3,SBID TTC YOY Model,11
BCL,12,3,SBID TTC YOY Model,12
BCL,12,4,Regional Model,1
BCL,12,4,Regional Model,2
BCL,12,4,Regional Model,3
BCL,12,4,Regional Model,4
BCL,12,4,Regional Model,5
BCL,12,4,Regional Model,6
BCL,12,4,Regional Model,7
BCL,12,4,Regional Model,8
BCL,12,4,Regional Model,9
BCL,12,4,Regional Model,10
BCL,12,4,Regional Model,11
BCL,12,4,Regional Model,12
BCL,12,4,SBID Cohort Model,1
BCL,12,4,SBID Cohort Model,2
BCL,12,4,SBID Cohort Model,3
BCL,12,4,SBID Cohort Model,4
BCL,12,4,SBID Cohort Model,5
BCL,12,4,SBID Cohort Model,6
BCL,12,4,SBID Cohort Model,7
BCL,12,4,SBID Cohort Model,8
BCL,12,4,SBID Cohort Model,9
BCL,12,4,SBID Cohort Model,10
BCL,12,4,SBID Cohort Model,11
BCL,12,4,SBID Cohort Model,12
BCL,12,4,SBID TTC YOY Model,1
BCL,12,4,SBID TTC YOY Model,2
BCL,12,4,SBID TTC YOY Model,3
BCL,12,4,SBID TTC YOY Model,4
BCL,12,4,SBID TTC YOY Model,5
BCL,12,4,SBID TTC YOY Model,6
BCL,12,4,SBID TTC YOY Model,7
BCL,12,4,SBID TTC YOY Model,8
BCL,12,4,SBID TTC YOY Model,9
BCL,12,4,SBID TTC YOY Model,10
BCL,12,4,SBID TTC YOY Model,11
BCL,12,4,SBID TTC YOY Model,12
BCL,12,5,Regional Model,1
BCL,12,5,Regional Model,2
BCL,12,5,Regional Model,3
BCL,12,5,Regional Model,4
BCL,12,5,Regional Model,5
BCL,12,5,Regional Model,6
BCL,12,5,Regional Model,7
BCL,12,5,Regional Model,8
BCL,12,5,Regional Model,9
BCL,12,5,Regional Model,10
BCL,12,5,Regional Model,11
BCL,12,5,Regional Model,12
BCL,12,5,SBID Cohort Model,1
BCL,12,5,SBID Cohort Model,2
BCL,12,5,SBID Cohort Model,3
BCL,12,5,SBID Cohort Model,4
BCL,12,5,SBID Cohort Model,5
BCL,12,5,SBID Cohort Model,6
BCL,12,5,SBID Cohort Model,7
BCL,12,5,SBID Cohort Model,8
BCL,12,5,SBID Cohort Model,9
BCL,12,5,SBID Cohort Model,10
BCL,12,5,SBID Cohort Model,11
BCL,12,5,SBID Cohort Model,12
BCL,12,5,SBID TTC YOY Model,1
BCL,12,5,SBID TTC YOY Model,2
BCL,12,5,SBID TTC YOY Model,3
BCL,12,5,SBID TTC YOY Model,4
BCL,12,5,SBID TTC YOY Model,5
BCL,12,5,SBID TTC YOY Model,6
BCL,12,5,SBID TTC YOY Model,7
BCL,12,5,SBID TTC YOY Model,8
BCL,12,5,SBID TTC YOY Model,9
BCL,12,5,SBID TTC YOY Model,10
BCL,12,5,SBID TTC YOY Model,11
BCL,12,5,SBID TTC YOY Model,12
SCL,3,1,Regional Model,1
SCL,3,1,Regional Model,2
SCL,3,1,Regional Model,3
SCL,3,1,Regional Model,4
SCL,3,1,Regional Model,5
SCL,3,1,Regional Model,6
SCL,3,1,Regional Model,7
SCL,3,1,Regional Model,8
SCL,3,1,Regional Model,9
SCL,3,1,Regional Model,10
SCL,3,1,Regional Model,11
SCL,3,1,Regional Model,12
SCL,3,1,SBID Cohort Model,1
SCL,3,1,SBID Cohort Model,2
SCL,3,1,SBID Cohort Model,3
SCL,3,1,SBID Cohort Model,4
SCL,3,1,SBID Cohort Model,5
SCL,3,1,SBID Cohort Model,6
SCL,3,1,SBID Cohort Model,7
SCL,3,1,SBID Cohort Model,8
SCL,3,1,SBID Cohort Model,9
SCL,3,1,SBID Cohort Model,10
SCL,3,1,SBID Cohort Model,11
SCL,3,1,SBID Cohort Model,12
SCL,3,1,SBID TTC YOY Model,1
SCL,3,1,SBID TTC YOY Model,2
SCL,3,1,SBID TTC YOY Model,3
SCL,3,1,SBID TTC YOY Model,4
SCL,3,1,SBID TTC YOY Model,5
SCL,3,1,SBID TTC YOY Model,6
SCL,3,1,SBID TTC YOY Model,7
SCL,3,1,SBID TTC YOY Model,8
SCL,3,1,SBID TTC YOY Model,9
SCL,3,1,SBID TTC YOY Model,10
SCL,3,1,SBID TTC YOY Model,11
SCL,3,1,SBID TTC YOY Model,12
SCL,3,2,Regional Model,1
SCL,3,2,Regional Model,2
SCL,3,2,Regional Model,3
SCL,3,2,Regional Model,4
SCL,3,2,Regional Model,5
SCL,3,2,Regional Model,6
SCL,3,2,Regional Model,7
SCL,3,2,Regional Model,8
SCL,3,2,Regional Model,9
SCL,3,2,Regional Model,10
SCL,3,2,Regional Model,11
SCL,3,2,Regional Model,12
SCL,3,2,SBID Cohort Model,1
SCL,3,2,SBID Cohort Model,2
SCL,3,2,SBID Cohort Model,3
SCL,3,2,SBID Cohort Model,4
SCL,3,2,SBID Cohort Model,5
SCL,3,2,SBID Cohort Model,6
SCL,3,2,SBID Cohort Model,7
SCL,3,2,SBID Cohort Model,8
SCL,3,2,SBID Cohort Model,9
SCL,3,2,SBID Cohort Model,10
SCL,3,2,SBID Cohort Model,11
SCL,3,2,SBID Cohort Model,12
SCL,3,2,SBID TTC YOY Model,1
SCL,3,2,SBID TTC YOY Model,2
SCL,3,2,SBID TTC YOY Model,3
SCL,3,2,SBID TTC YOY Model,4
SCL,3,2,SBID TTC YOY Model,5
SCL,3,2,SBID TTC YOY Model,6
SCL,3,2,SBID TTC YOY Model,7
SCL,3,2,SBID TTC YOY Model,8
SCL,3,2,SBID TTC YOY Model,9
SCL,3,2,SBID TTC YOY Model,10
SCL,3,2,SBID TTC YOY Model,11
SCL,3,2,SBID TTC YOY Model,12
SCL,3,3,Regional Model,1
SCL,3,3,Regional Model,2
SCL,3,3,Regional Model,3
SCL,3,3,Regional Model,4
SCL,3,3,Regional Model,5
SCL,3,3,Regional Model,6
SCL,3,3,Regional Model,7
SCL,3,3,Regional Model,8
SCL,3,3,Regional Model,9
SCL,3,3,Regional Model,10
SCL,3,3,Regional Model,11
SCL,3,3,Regional Model,12
SCL,3,3,SBID Cohort Model,1
SCL,3,3,SBID Cohort Model,2
SCL,3,3,SBID Cohort Model,3
SCL,3,3,SBID Cohort Model,4
SCL,3,3,SBID Cohort Model,5
SCL,3,3,SBID Cohort Model,6
SCL,3,3,SBID Cohort Model,7
SCL,3,3,SBID Cohort Model,8
SCL,3,3,SBID Cohort Model,9
SCL,3,3,SBID Cohort Model,10
SCL,3,3,SBID Cohort Model,11
SCL,3,3,SBID Cohort Model,12
SCL,3,3,SBID TTC YOY Model,1
SCL,3,3,SBID TTC YOY Model,2
SCL,3,3,SBID TTC YOY Model,3
SCL,3,3,SBID TTC YOY Model,4
SCL,3,3,SBID TTC YOY Model,5
SCL,3,3,SBID TTC YOY Model,6
SCL,3,3,SBID TTC YOY Model,7
SCL,3,3,SBID TTC YOY Model,8
SCL,3,3,SBID TTC YOY Model,9
SCL,3,3,SBID TTC YOY Model,10
SCL,3,3,SBID TTC YOY Model,11
SCL,3,3,SBID TTC YOY Model,12
SCL,3,4,Regional Model,1
SCL,3,4,Regional Model,2
SCL,3,4,Regional Model,3
SCL,3,4,Regional Model,4
SCL,3,4,Regional Model,5
SCL,3,4,Regional Model,6
SCL,3,4,Regional Model,7
SCL,3,4,Regional Model,8
SCL,3,4,Regional Model,9
SCL,3,4,Regional Model,10
SCL,3,4,Regional Model,11
SCL,3,4,Regional Model,12
SCL,3,4,SBID Cohort Model,1
SCL,3,4,SBID Cohort Model,2
SCL,3,4,SBID Cohort Model,3
SCL,3,4,SBID Cohort Model,4
SCL,3,4,SBID Cohort Model,5
SCL,3,4,SBID Cohort Model,6
SCL,3,4,SBID Cohort Model,7
SCL,3,4,SBID Cohort Model,8
SCL,3,4,SBID Cohort Model,9
SCL,3,4,SBID Cohort Model,10
SCL,3,4,SBID Cohort Model,11
SCL,3,4,SBID Cohort Model,12
SCL,3,4,SBID TTC YOY Model,1
SCL,3,4,SBID TTC YOY Model,2
SCL,3,4,SBID TTC YOY Model,3
SCL,3,4,SBID TTC YOY Model,4
SCL,3,4,SBID TTC YOY Model,5
SCL,3,4,SBID TTC YOY Model,6
SCL,3,4,SBID TTC YOY Model,7
SCL,3,4,SBID TTC YOY Model,8
SCL,3,4,SBID TTC YOY Model,9
SCL,3,4,SBID TTC YOY Model,10
SCL,3,4,SBID TTC YOY Model,11
SCL,3,4,SBID TTC YOY Model,12
SCL,3,5,Regional Model,1
SCL,3,5,Regional Model,2
SCL,3,5,Regional Model,3
SCL,3,5,Regional Model,4
SCL,3,5,Regional Model,5
SCL,3,5,Regional Model,6
SCL,3,5,Regional Model,7
SCL,3,5,Regional Model,8
SCL,3,5,Regional Model,9
SCL,3,5,Regional Model,10
SCL,3,5,Regional Model,11
SCL,3,5,Regional Model,12
SCL,3,5,SBID Cohort Model,1
SCL,3,5,SBID Cohort Model,2
SCL,3,5,SBID Cohort Model,3
SCL,3,5,SBID Cohort Model,4
SCL,3,5,SBID Cohort Model,5
SCL,3,5,SBID Cohort Model,6
SCL,3,5,SBID Cohort Model,7
SCL,3,5,SBID Cohort Model,8
SCL,3,5,SBID Cohort Model,9
SCL,3,5,SBID Cohort Model,10
SCL,3,5,SBID Cohort Model,11
SCL,3,5,SBID Cohort Model,12
SCL,3,5,SBID TTC YOY Model,1
SCL,3,5,SBID TTC YOY Model,2
SCL,3,5,SBID TTC YOY Model,3
SCL,3,5,SBID TTC YOY Model,4
SCL,3,5,SBID TTC YOY Model,5
SCL,3,5,SBID TTC YOY Model,6
SCL,3,5,SBID TTC YOY Model,7
SCL,3,5,SBID TTC YOY Model,8
SCL,3,5,SBID TTC YOY Model,9
SCL,3,5,SBID TTC YOY Model,10
SCL,3,5,SBID TTC YOY Model,11
SCL,3,5,SBID TTC YOY Model,12
SCL,6,1,Regional Model,1
SCL,6,1,Regional Model,2
SCL,6,1,Regional Model,3
SCL,6,1,Regional Model,4
SCL,6,1,Regional Model,5
SCL,6,1,Regional Model,6
SCL,6,1,Regional Model,7
SCL,6,1,Regional Model,8
SCL,6,1,Regional Model,9
SCL,6,1,Regional Model,10
SCL,6,1,Regional Model,11
SCL,6,1,Regional Model,12
SCL,6,1,SBID Cohort Model,1
SCL,6,1,SBID Cohort Model,2
SCL,6,1,SBID Cohort Model,3
SCL,6,1,SBID Cohort Model,4
SCL,6,1,SBID Cohort Model,5
SCL,6,1,SBID Cohort Model,6
SCL,6,1,SBID Cohort Model,7
SCL,6,1,SBID Cohort Model,8
SCL,6,1,SBID Cohort Model,9
SCL,6,1,SBID Cohort Model,10
SCL,6,1,SBID Cohort Model,11
SCL,6,1,SBID Cohort Model,12
SCL,6,1,SBID TTC YOY Model,1
SCL,6,1,SBID TTC YOY Model,2
SCL,6,1,SBID TTC YOY Model,3
SCL,6,1,SBID TTC YOY Model,4
SCL,6,1,SBID TTC YOY Model,5
SCL,6,1,SBID TTC YOY Model,6
SCL,6,1,SBID TTC YOY Model,7
SCL,6,1,SBID TTC YOY Model,8
SCL,6,1,SBID TTC YOY Model,9
SCL,6,1,SBID TTC YOY Model,10
SCL,6,1,SBID TTC YOY Model,11
SCL,6,1,SBID TTC YOY Model,12
SCL,6,2,Regional Model,1
SCL,6,2,Regional Model,2
SCL,6,2,Regional Model,3
SCL,6,2,Regional Model,4
SCL,6,2,Regional Model,5
SCL,6,2,Regional Model,6
SCL,6,2,Regional Model,7
SCL,6,2,Regional Model,8
SCL,6,2,Regional Model,9
SCL,6,2,Regional Model,10
SCL,6,2,Regional Model,11
SCL,6,2,Regional Model,12
SCL,6,2,SBID Cohort Model,1
SCL,6,2,SBID Cohort Model,2
SCL,6,2,SBID Cohort Model,3
SCL,6,2,SBID Cohort Model,4
SCL,6,2,SBID Cohort Model,5
SCL,6,2,SBID Cohort Model,6
SCL,6,2,SBID Cohort Model,7
SCL,6,2,SBID Cohort Model,8
SCL,6,2,SBID Cohort Model,9
SCL,6,2,SBID Cohort Model,10
SCL,6,2,SBID Cohort Model,11
SCL,6,2,SBID Cohort Model,12
SCL,6,2,SBID TTC YOY Model,1
SCL,6,2,SBID TTC YOY Model,2
SCL,6,2,SBID TTC YOY Model,3
SCL,6,2,SBID TTC YOY Model,4
SCL,6,2,SBID TTC YOY Model,5
SCL,6,2,SBID TTC YOY Model,6
SCL,6,2,SBID TTC YOY Model,7
SCL,6,2,SBID TTC YOY Model,8
SCL,6,2,SBID TTC YOY Model,9
SCL,6,2,SBID TTC YOY Model,10
SCL,6,2,SBID TTC YOY Model,11
SCL,6,2,SBID TTC YOY Model,12
SCL,6,3,Regional Model,1
SCL,6,3,Regional Model,2
SCL,6,3,Regional Model,3
SCL,6,3,Regional Model,4
SCL,6,3,Regional Model,5
SCL,6,3,Regional Model,6
SCL,6,3,Regional Model,7
SCL,6,3,Regional Model,8
SCL,6,3,Regional Model,9
SCL,6,3,Regional Model,10
SCL,6,3,Regional Model,11
SCL,6,3,Regional Model,12
SCL,6,3,SBID Cohort Model,1
SCL,6,3,SBID Cohort Model,2
SCL,6,3,SBID Cohort Model,3
SCL,6,3,SBID Cohort Model,4
SCL,6,3,SBID Cohort Model,5
SCL,6,3,SBID Cohort Model,6
SCL,6,3,SBID Cohort Model,7
SCL,6,3,SBID Cohort Model,8
SCL,6,3,SBID Cohort Model,9
SCL,6,3,SBID Cohort Model,10
SCL,6,3,SBID Cohort Model,11
SCL,6,3,SBID Cohort Model,12
SCL,6,3,SBID TTC YOY Model,1
SCL,6,3,SBID TTC YOY Model,2
SCL,6,3,SBID TTC YOY Model,3
SCL,6,3,SBID TTC YOY Model,4
SCL,6,3,SBID TTC YOY Model,5
SCL,6,3,SBID TTC YOY Model,6
SCL,6,3,SBID TTC YOY Model,7
SCL,6,3,SBID TTC YOY Model,8
SCL,6,3,SBID TTC YOY Model,9
SCL,6,3,SBID TTC YOY Model,10
SCL,6,3,SBID TTC YOY Model,11
SCL,6,3,SBID TTC YOY Model,12
SCL,6,4,Regional Model,1
SCL,6,4,Regional Model,2
SCL,6,4,Regional Model,3
SCL,6,4,Regional Model,4
SCL,6,4,Regional Model,5
SCL,6,4,Regional Model,6
SCL,6,4,Regional Model,7
SCL,6,4,Regional Model,8
SCL,6,4,Regional Model,9
SCL,6,4,Regional Model,10
SCL,6,4,Regional Model,11
SCL,6,4,Regional Model,12
SCL,6,4,SBID Cohort Model,1
SCL,6,4,SBID Cohort Model,2
SCL,6,4,SBID Cohort Model,3
SCL,6,4,SBID Cohort Model,4
SCL,6,4,SBID Cohort Model,5
SCL,6,4,SBID Cohort Model,6
SCL,6,4,SBID Cohort Model,7
SCL,6,4,SBID Cohort Model,8
SCL,6,4,SBID Cohort Model,9
SCL,6,4,SBID Cohort Model,10
SCL,6,4,SBID Cohort Model,11
SCL,6,4,SBID Cohort Model,12
SCL,6,4,SBID TTC YOY Model,1
SCL,6,4,SBID TTC YOY Model,2
SCL,6,4,SBID TTC YOY Model,3
SCL,6,4,SBID TTC YOY Model,4
SCL,6,4,SBID TTC YOY Model,5
SCL,6,4,SBID TTC YOY Model,6
SCL,6,4,SBID TTC YOY Model,7
SCL,6,4,SBID TTC YOY Model,8
SCL,6,4,SBID TTC YOY Model,9
SCL,6,4,SBID TTC YOY Model,10
SCL,6,4,SBID TTC YOY Model,11
SCL,6,4,SBID TTC YOY Model,12
SCL,6,5,Regional Model,1
SCL,6,5,Regional Model,2
SCL,6,5,Regional Model,3
SCL,6,5,Regional Model,4
SCL,6,5,Regional Model,5
SCL,6,5,Regional Model,6
SCL,6,5,Regional Model,7
SCL,6,5,Regional Model,8
SCL,6,5,Regional Model,9
SCL,6,5,Regional Model,10
SCL,6,5,Regional Model,11
SCL,6,5,Regional Model,12
SCL,6,5,SBID Cohort Model,1
SCL,6,5,SBID Cohort Model,2
SCL,6,5,SBID Cohort Model,3
SCL,6,5,SBID Cohort Model,4
SCL,6,5,SBID Cohort Model,5
SCL,6,5,SBID Cohort Model,6
SCL,6,5,SBID Cohort Model,7
SCL,6,5,SBID Cohort Model,8
SCL,6,5,SBID Cohort Model,9
SCL,6,5,SBID Cohort Model,10
SCL,6,5,SBID Cohort Model,11
SCL,6,5,SBID Cohort Model,12
SCL,6,5,SBID TTC YOY Model,1
SCL,6,5,SBID TTC YOY Model,2
SCL,6,5,SBID TTC YOY Model,3
SCL,6,5,SBID TTC YOY Model,4
SCL,6,5,SBID TTC YOY Model,5
SCL,6,5,SBID TTC YOY Model,6
SCL,6,5,SBID TTC YOY Model,7
SCL,6,5,SBID TTC YOY Model,8
SCL,6,5,SBID TTC YOY Model,9
SCL,6,5,SBID TTC YOY Model,10
SCL,6,5,SBID TTC YOY Model,11
SCL,6,5,SBID TTC YOY Model,12
SCL,12,1,Regional Model,1
SCL,12,1,Regional Model,2
SCL,12,1,Regional Model,3
SCL,12,1,Regional Model,4
SCL,12,1,Regional Model,5
SCL,12,1,Regional Model,6
SCL,12,1,Regional Model,7
SCL,12,1,Regional Model,8
SCL,12,1,Regional Model,9
SCL,12,1,Regional Model,10
SCL,12,1,Regional Model,11
SCL,12,1,Regional Model,12
SCL,12,1,SBID Cohort Model,1
SCL,12,1,SBID Cohort Model,2
SCL,12,1,SBID Cohort Model,3
SCL,12,1,SBID Cohort Model,4
SCL,12,1,SBID Cohort Model,5
SCL,12,1,SBID Cohort Model,6
SCL,12,1,SBID Cohort Model,7
SCL,12,1,SBID Cohort Model,8
SCL,12,1,SBID Cohort Model,9
SCL,12,1,SBID Cohort Model,10
SCL,12,1,SBID Cohort Model,11
SCL,12,1,SBID Cohort Model,12
SCL,12,1,SBID TTC YOY Model,1
SCL,12,1,SBID TTC YOY Model,2
SCL,12,1,SBID TTC YOY Model,3
SCL,12,1,SBID TTC YOY Model,4
SCL,12,1,SBID TTC YOY Model,5
SCL,12,1,SBID TTC YOY Model,6
SCL,12,1,SBID TTC YOY Model,7
SCL,12,1,SBID TTC YOY Model,8
SCL,12,1,SBID TTC YOY Model,9
SCL,12,1,SBID TTC YOY Model,10
SCL,12,1,SBID TTC YOY Model,11
SCL,12,1,SBID TTC YOY Model,12
SCL,12,2,Regional Model,1
SCL,12,2,Regional Model,2
SCL,12,2,Regional Model,3
SCL,12,2,Regional Model,4
SCL,12,2,Regional Model,5
SCL,12,2,Regional Model,6
SCL,12,2,Regional Model,7
SCL,12,2,Regional Model,8
SCL,12,2,Regional Model,9
SCL,12,2,Regional Model,10
SCL,12,2,Regional Model,11
SCL,12,2,Regional Model,12
SCL,12,2,SBID Cohort Model,1
SCL,12,2,SBID Cohort Model,2
SCL,12,2,SBID Cohort Model,3
SCL,12,2,SBID Cohort Model,4
SCL,12,2,SBID Cohort Model,5
SCL,12,2,SBID Cohort Model,6
SCL,12,2,SBID Cohort Model,7
SCL,12,2,SBID Cohort Model,8
SCL,12,2,SBID Cohort Model,9
SCL,12,2,SBID Cohort Model,10
SCL,12,2,SBID Cohort Model,11
SCL,12,2,SBID Cohort Model,12
SCL,12,2,SBID TTC YOY Model,1
SCL,12,2,SBID TTC YOY Model,2
SCL,12,2,SBID TTC YOY Model,3
SCL,12,2,SBID TTC YOY Model,4
SCL,12,2,SBID TTC YOY Model,5
SCL,12,2,SBID TTC YOY Model,6
SCL,12,2,SBID TTC YOY Model,7
SCL,12,2,SBID TTC YOY Model,8
SCL,12,2,SBID TTC YOY Model,9
SCL,12,2,SBID TTC YOY Model,10
SCL,12,2,SBID TTC YOY Model,11
SCL,12,2,SBID TTC YOY Model,12
SCL,12,3,Regional Model,1
SCL,12,3,Regional Model,2
SCL,12,3,Regional Model,3
SCL,12,3,Regional Model,4
SCL,12,3,Regional Model,5
SCL,12,3,Regional Model,6
SCL,12,3,Regional Model,7
SCL,12,3,Regional Model,8
SCL,12,3,Regional Model,9
SCL,12,3,Regional Model,10
SCL,12,3,Regional Model,11
SCL,12,3,Regional Model,12
SCL,12,3,SBID Cohort Model,1
SCL,12,3,SBID Cohort Model,2
SCL,12,3,SBID Cohort Model,3
SCL,12,3,SBID Cohort Model,4
SCL,12,3,SBID Cohort Model,5
SCL,12,3,SBID Cohort Model,6
SCL,12,3,SBID Cohort Model,7
SCL,12,3,SBID Cohort Model,8
SCL,12,3,SBID Cohort Model,9
SCL,12,3,SBID Cohort Model,10
SCL,12,3,SBID Cohort Model,11
SCL,12,3,SBID Cohort Model,12
SCL,12,3,SBID TTC YOY Model,1
SCL,12,3,SBID TTC YOY Model,2
SCL,12,3,SBID TTC YOY Model,3
SCL,12,3,SBID TTC YOY Model,4
SCL,12,3,SBID TTC YOY Model,5
SCL,12,3,SBID TTC YOY Model,6
SCL,12,3,SBID TTC YOY Model,7
SCL,12,3,SBID TTC YOY Model,8
SCL,12,3,SBID TTC YOY Model,9
SCL,12,3,SBID TTC YOY Model,10
SCL,12,3,SBID TTC YOY Model,11
SCL,12,3,SBID TTC YOY Model,12
SCL,12,4,Regional Model,1
SCL,12,4,Regional Model,2
SCL,12,4,Regional Model,3
SCL,12,4,Regional Model,4
SCL,12,4,Regional Model,5
SCL,12,4,Regional Model,6
SCL,12,4,Regional Model,7
SCL,12,4,Regional Model,8
SCL,12,4,Regional Model,9
SCL,12,4,Regional Model,10
SCL,12,4,Regional Model,11
SCL,12,4,Regional Model,12
SCL,12,4,SBID Cohort Model,1
SCL,12,4,SBID Cohort Model,2
SCL,12,4,SBID Cohort Model,3
SCL,12,4,SBID Cohort Model,4
SCL,12,4,SBID Cohort Model,5
SCL,12,4,SBID Cohort Model,6
SCL,12,4,SBID Cohort Model,7
SCL,12,4,SBID Cohort Model,8
SCL,12,4,SBID Cohort Model,9
SCL,12,4,SBID Cohort Model,10
SCL,12,4,SBID Cohort Model,11
SCL,12,4,SBID Cohort Model,12
SCL,12,4,SBID TTC YOY Model,1
SCL,12,4,SBID TTC YOY Model,2
SCL,12,4,SBID TTC YOY Model,3
SCL,12,4,SBID TTC YOY Model,4
SCL,12,4,SBID TTC YOY Model,5
SCL,12,4,SBID TTC YOY Model,6
SCL,12,4,SBID TTC YOY Model,7
SCL,12,4,SBID TTC YOY Model,8
SCL,12,4,SBID TTC YOY Model,9
SCL,12,4,SBID TTC YOY Model,10
SCL,12,4,SBID TTC YOY Model,11
SCL,12,4,SBID TTC YOY Model,12
SCL,12,5,Regional Model,1
SCL,12,5,Regional Model,2
SCL,12,5,Regional Model,3
SCL,12,5,Regional Model,4
SCL,12,5,Regional Model,5
SCL,12,5,Regional Model,6
SCL,12,5,Regional Model,7
SCL,12,5,Regional Model,8
SCL,12,5,Regional Model,9
SCL,12,5,Regional Model,10
SCL,12,5,Regional Model,11
SCL,12,5,Regional Model,12
SCL,12,5,SBID Cohort Model,1
SCL,12,5,SBID Cohort Model,2
SCL,12,5,SBID Cohort Model,3
SCL,12,5,SBID Cohort Model,4
SCL,12,5,SBID Cohort Model,5
SCL,12,5,SBID Cohort Model,6
SCL,12,5,SBID Cohort Model,7
SCL,12,5,SBID Cohort Model,8
SCL,12,5,SBID Cohort Model,9
SCL,12,5,SBID Cohort Model,10
SCL,12,5,SBID Cohort Model,11
SCL,12,5,SBID Cohort Model,12
SCL,12,5,SBID TTC YOY Model,1
SCL,12,5,SBID TTC YOY Model,2
SCL,12,5,SBID TTC YOY Model,3
SCL,12,5,SBID TTC YOY Model,4
SCL,12,5,SBID TTC YOY Model,5
SCL,12,5,SBID TTC YOY Model,6
SCL,12,5,SBID TTC YOY Model,7
SCL,12,5,SBID TTC YOY Model,8
SCL,12,5,SBID TTC YOY Model,9
SCL,12,5,SBID TTC YOY Model,10
SCL,12,5,SBID TTC YOY Model,11
SCL,12,5,SBID TTC YOY Model,12
BCL,2,1,Regional Model,1
BCL,2,1,Regional Model,2
BCL,2,1,Regional Model,3
BCL,2,1,Regional Model,4
BCL,2,1,Regional Model,5
BCL,2,1,Regional Model,6
BCL,2,1,Regional Model,7
BCL,2,1,Regional Model,8
BCL,2,1,Regional Model,9
BCL,2,1,Regional Model,10
BCL,2,1,Regional Model,11
BCL,2,1,Regional Model,12
BCL,2,1,SBID Cohort Model,1
BCL,2,1,SBID Cohort Model,2
BCL,2,1,SBID Cohort Model,3
BCL,2,1,SBID Cohort Model,4
BCL,2,1,SBID Cohort Model,5
BCL,2,1,SBID Cohort Model,6
BCL,2,1,SBID Cohort Model,7
BCL,2,1,SBID Cohort Model,8
BCL,2,1,SBID Cohort Model,9
BCL,2,1,SBID Cohort Model,10
BCL,2,1,SBID Cohort Model,11
BCL,2,1,SBID Cohort Model,12
BCL,2,1,SBID TTC YOY Model,1
BCL,2,1,SBID TTC YOY Model,2
BCL,2,1,SBID TTC YOY Model,3
BCL,2,1,SBID TTC YOY Model,4
BCL,2,1,SBID TTC YOY Model,5
BCL,2,1,SBID TTC YOY Model,6
BCL,2,1,SBID TTC YOY Model,7
BCL,2,1,SBID TTC YOY Model,8
BCL,2,1,SBID TTC YOY Model,9
BCL,2,1,SBID TTC YOY Model,10
BCL,2,1,SBID TTC YOY Model,11
BCL,2,1,SBID TTC YOY Model,12
BCL,2,2,Regional Model,1
BCL,2,2,Regional Model,2
BCL,2,2,Regional Model,3
BCL,2,2,Regional Model,4
BCL,2,2,Regional Model,5
BCL,2,2,Regional Model,6
BCL,2,2,Regional Model,7
BCL,2,2,Regional Model,8
BCL,2,2,Regional Model,9
BCL,2,2,Regional Model,10
BCL,2,2,Regional Model,11
BCL,2,2,Regional Model,12
BCL,2,2,SBID Cohort Model,1
BCL,2,2,SBID Cohort Model,2
BCL,2,2,SBID Cohort Model,3
BCL,2,2,SBID Cohort Model,4
BCL,2,2,SBID Cohort Model,5
BCL,2,2,SBID Cohort Model,6
BCL,2,2,SBID Cohort Model,7
BCL,2,2,SBID Cohort Model,8
BCL,2,2,SBID Cohort Model,9
BCL,2,2,SBID Cohort Model,10
BCL,2,2,SBID Cohort Model,11
BCL,2,2,SBID Cohort Model,12
BCL,2,2,SBID TTC YOY Model,1
BCL,2,2,SBID TTC YOY Model,2
BCL,2,2,SBID TTC YOY Model,3
BCL,2,2,SBID TTC YOY Model,4
BCL,2,2,SBID TTC YOY Model,5
BCL,2,2,SBID TTC YOY Model,6
BCL,2,2,SBID TTC YOY Model,7
BCL,2,2,SBID TTC YOY Model,8
BCL,2,2,SBID TTC YOY Model,9
BCL,2,2,SBID TTC YOY Model,10
BCL,2,2,SBID TTC YOY Model,11
BCL,2,2,SBID TTC YOY Model,12
BCL,2,3,Regional Model,1
BCL,2,3,Regional Model,2
BCL,2,3,Regional Model,3
BCL,2,3,Regional Model,4
BCL,2,3,Regional Model,5
BCL,2,3,Regional Model,6
BCL,2,3,Regional Model,7
BCL,2,3,Regional Model,8
BCL,2,3,Regional Model,9
BCL,2,3,Regional Model,10
BCL,2,3,Regional Model,11
BCL,2,3,Regional Model,12
BCL,2,3,SBID Cohort Model,1
BCL,2,3,SBID Cohort Model,2
BCL,2,3,SBID Cohort Model,3
BCL,2,3,SBID Cohort Model,4
BCL,2,3,SBID Cohort Model,5
BCL,2,3,SBID Cohort Model,6
BCL,2,3,SBID Cohort Model,7
BCL,2,3,SBID Cohort Model,8
BCL,2,3,SBID Cohort Model,9
BCL,2,3,SBID Cohort Model,10
BCL,2,3,SBID Cohort Model,11
BCL,2,3,SBID Cohort Model,12
BCL,2,3,SBID TTC YOY Model,1
BCL,2,3,SBID TTC YOY Model,2
BCL,2,3,SBID TTC YOY Model,3
BCL,2,3,SBID TTC YOY Model,4
BCL,2,3,SBID TTC YOY Model,5
BCL,2,3,SBID TTC YOY Model,6
BCL,2,3,SBID TTC YOY Model,7
BCL,2,3,SBID TTC YOY Model,8
BCL,2,3,SBID TTC YOY Model,9
BCL,2,3,SBID TTC YOY Model,10
BCL,2,3,SBID TTC YOY Model,11
BCL,2,3,SBID TTC YOY Model,12
BCL,2,4,Regional Model,1
BCL,2,4,Regional Model,2
BCL,2,4,Regional Model,3
BCL,2,4,Regional Model,4
BCL,2,4,Regional Model,5
BCL,2,4,Regional Model,6
BCL,2,4,Regional Model,7
BCL,2,4,Regional Model,8
BCL,2,4,Regional Model,9
BCL,2,4,Regional Model,10
BCL,2,4,Regional Model,11
BCL,2,4,Regional Model,12
BCL,2,4,SBID Cohort Model,1
BCL,2,4,SBID Cohort Model,2
BCL,2,4,SBID Cohort Model,3
BCL,2,4,SBID Cohort Model,4
BCL,2,4,SBID Cohort Model,5
BCL,2,4,SBID Cohort Model,6
BCL,2,4,SBID Cohort Model,7
BCL,2,4,SBID Cohort Model,8
BCL,2,4,SBID Cohort Model,9
BCL,2,4,SBID Cohort Model,10
BCL,2,4,SBID Cohort Model,11
BCL,2,4,SBID Cohort Model,12
BCL,2,4,SBID TTC YOY Model,1
BCL,2,4,SBID TTC YOY Model,2
BCL,2,4,SBID TTC YOY Model,3
BCL,2,4,SBID TTC YOY Model,4
BCL,2,4,SBID TTC YOY Model,5
BCL,2,4,SBID TTC YOY Model,6
BCL,2,4,SBID TTC YOY Model,7
BCL,2,4,SBID TTC YOY Model,8
BCL,2,4,SBID TTC YOY Model,9
BCL,2,4,SBID TTC YOY Model,10
BCL,2,4,SBID TTC YOY Model,11
BCL,2,4,SBID TTC YOY Model,12
BCL,2,5,Regional Model,1
BCL,2,5,Regional Model,2
BCL,2,5,Regional Model,3
BCL,2,5,Regional Model,4
BCL,2,5,Regional Model,5
BCL,2,5,Regional Model,6
BCL,2,5,Regional Model,7
BCL,2,5,Regional Model,8
BCL,2,5,Regional Model,9
BCL,2,5,Regional Model,10
BCL,2,5,Regional Model,11
BCL,2,5,Regional Model,12
BCL,2,5,SBID Cohort Model,1
BCL,2,5,SBID Cohort Model,2
BCL,2,5,SBID Cohort Model,3
BCL,2,5,SBID Cohort Model,4
BCL,2,5,SBID Cohort Model,5
BCL,2,5,SBID Cohort Model,6
BCL,2,5,SBID Cohort Model,7
BCL,2,5,SBID Cohort Model,8
BCL,2,5,SBID Cohort Model,9
BCL,2,5,SBID Cohort Model,10
BCL,2,5,SBID Cohort Model,11
BCL,2,5,SBID Cohort Model,12
BCL,2,5,SBID TTC YOY Model,1
BCL,2,5,SBID TTC YOY Model,2
BCL,2,5,SBID TTC YOY Model,3
BCL,2,5,SBID TTC YOY Model,4
BCL,2,5,SBID TTC YOY Model,5
BCL,2,5,SBID TTC YOY Model,6
BCL,2,5,SBID TTC YOY Model,7
BCL,2,5,SBID TTC YOY Model,8
BCL,2,5,SBID TTC YOY Model,9
BCL,2,5,SBID TTC YOY Model,10
BCL,2,5,SBID TTC YOY Model,11
BCL,2,5,SBID TTC YOY Model,12
